izquierda,centro,derecha,accion
59,1007,57,adelante
59,1007,57,adelante
59,1007,57,adelante
59,1007,57,adelante
59,1007,57,adelante
59,1007,57,adelante
55,1006,53,adelante
55,1007,52,adelante
56,1006,53,adelante
57,1007,53,adelante
57,1007,52,adelante
57,1007,53,adelante
58,1007,54,adelante
57,1006,55,adelante
57,1006,55,adelante
57,1007,55,adelante
57,1007,55,adelante
57,1006,54,adelante
57,1006,55,adelante
57,1006,55,adelante
57,1006,55,adelante
57,1007,55,adelante
57,1006,55,adelante
57,1006,55,adelante
57,1007,55,adelante
57,1006,55,adelante
57,1006,55,adelante
56,1006,54,adelante
55,1006,54,adelante
55,1006,54,adelante
56,1006,53,adelante
55,1007,54,adelante
56,1006,53,adelante
56,1007,53,adelante
56,1006,54,adelante
56,1006,54,adelante
57,1007,54,adelante
57,1006,54,adelante
57,1006,55,adelante
57,1006,54,adelante
57,1006,54,adelante
57,1006,54,adelante
57,1006,55,adelante
57,1006,54,adelante
57,1006,55,adelante
57,1006,55,adelante
57,1006,54,adelante
57,1006,55,adelante
57,1006,54,adelante
57,1006,55,adelante
57,1006,55,adelante
57,1006,54,adelante
56,1006,55,adelante
55,1005,54,adelante
55,1006,54,adelante
56,1006,53,adelante
56,1006,54,adelante
55,1007,54,adelante
56,1007,53,adelante
57,1007,54,adelante
57,1006,54,adelante
57,1007,54,adelante
58,1006,54,adelante
57,1006,55,adelante
57,1006,55,adelante
57,1007,55,adelante
57,1006,55,adelante
57,1007,55,adelante
57,1006,55,adelante
57,1007,55,adelante
57,1006,55,adelante
57,1006,55,adelante
57,1006,55,adelante
57,1006,55,adelante
57,1006,55,adelante
57,1006,55,adelante
57,1007,55,adelante
55,1006,55,adelante
55,1006,55,adelante
54,1006,55,adelante
54,1006,52,adelante
55,1006,51,adelante
55,1006,53,adelante
55,1007,52,adelante
56,1006,52,adelante
57,1007,53,adelante
57,1006,54,adelante
57,1006,54,adelante
57,1006,55,adelante
57,1007,55,adelante
57,1006,55,adelante
57,1006,55,adelante
57,1007,55,adelante
57,1006,55,adelante
57,1006,55,adelante
57,1007,55,adelante
57,1006,55,adelante
57,1006,55,adelante
57,1007,55,adelante
62,1007,59,adelante
58,1007,56,adelante
58,1006,56,adelante
55,1006,56,adelante
56,1006,56,adelante
55,1007,56,adelante
55,1007,52,adelante
55,1006,51,adelante
58,1006,55,adelante
61,1006,59,adelante
62,1007,58,adelante
61,1007,56,adelante
60,1006,57,adelante
62,1007,58,adelante
62,1007,60,adelante
61,1006,59,adelante
60,1007,57,adelante
61,1006,59,adelante
61,1006,59,adelante
61,1006,59,adelante
60,1006,58,adelante
59,1006,56,adelante
59,1006,56,adelante
58,1006,56,adelante
63,1006,61,adelante
59,1006,57,adelante
62,1006,60,adelante
61,1006,58,adelante
60,1006,60,adelante
59,1006,58,adelante
59,1006,57,adelante
58,1006,56,adelante
56,1006,55,adelante
60,1006,56,adelante
62,1006,60,adelante
63,1006,59,adelante
64,1006,58,adelante
63,1006,59,adelante
63,1006,60,adelante
63,1006,60,adelante
64,1006,61,adelante
62,1006,59,adelante
63,1006,61,adelante
63,1006,61,adelante
61,1006,59,adelante
60,1006,57,adelante
58,1006,55,adelante
62,1006,59,adelante
59,1006,57,adelante
61,1006,58,adelante
58,1006,56,adelante
58,1006,55,adelante
60,1007,57,adelante
57,1007,57,adelante
56,1007,57,adelante
56,1006,56,adelante
56,1007,54,adelante
56,1007,53,adelante
56,1006,52,adelante
56,1006,54,adelante
58,1006,55,adelante
58,1006,54,adelante
56,1006,53,adelante
57,1006,54,adelante
56,1007,53,adelante
55,1006,53,adelante
58,1007,55,adelante
59,1007,57,adelante
59,1007,56,adelante
59,1006,56,adelante
58,1006,56,adelante
58,1006,56,adelante
60,1006,58,adelante
60,1006,58,adelante
60,1007,57,adelante
60,1006,57,adelante
60,1007,58,adelante
60,1006,57,adelante
56,1006,57,adelante
56,1006,57,adelante
58,1006,58,adelante
58,1006,56,adelante
57,1006,54,adelante
57,1007,54,adelante
58,1007,54,adelante
58,1006,56,adelante
58,1007,54,adelante
58,1007,54,adelante
58,1006,55,adelante
59,1007,57,adelante
59,1007,56,adelante
58,1007,55,adelante
57,1006,55,adelante
57,1006,55,adelante
58,1006,55,adelante
58,1006,55,adelante
58,1006,55,adelante
58,1007,55,adelante
58,1006,56,adelante
60,1007,57,adelante
59,1006,56,adelante
57,1007,54,adelante
57,1007,54,adelante
55,1006,54,adelante
58,1007,59,adelante
58,1006,59,adelante
59,1006,56,adelante
57,1007,56,adelante
56,1006,54,adelante
59,1007,55,adelante
58,1007,55,adelante
57,1007,53,adelante
59,1007,55,adelante
58,1007,56,adelante
61,1006,58,adelante
60,1007,58,adelante
58,1007,56,adelante
58,1007,55,adelante
58,1007,55,adelante
59,1007,57,adelante
61,1007,59,adelante
59,1007,57,adelante
58,1007,55,adelante
59,1007,57,adelante
58,1007,55,adelante
58,1006,56,adelante
57,1007,55,adelante
57,1006,54,adelante
57,1007,54,adelante
53,1007,54,adelante
56,1007,58,adelante
57,1007,53,adelante
59,1007,56,adelante
57,1006,54,adelante
55,1006,52,adelante
55,1006,51,adelante
55,1007,52,adelante
55,1006,51,adelante
55,1006,52,adelante
54,1007,52,adelante
55,1006,53,adelante
56,1006,53,adelante
55,1006,53,adelante
55,1006,53,adelante
55,1007,52,adelante
54,1006,52,adelante
55,1006,53,adelante
56,1007,53,adelante
55,1006,52,adelante
54,1007,51,adelante
53,1006,51,adelante
52,1007,50,adelante
53,1007,50,adelante
52,1007,50,adelante
50,1006,50,adelante
50,1006,50,adelante
50,1007,48,adelante
50,1006,48,adelante
50,1006,48,adelante
50,1007,48,adelante
51,1006,48,adelante
52,1006,49,adelante
52,1005,48,adelante
53,1005,49,adelante
52,1005,50,adelante
53,1005,51,adelante
53,1006,50,adelante
52,1006,50,adelante
52,1006,49,adelante
52,1005,50,adelante
52,1005,49,adelante
51,1006,49,adelante
51,1005,49,adelante
53,1006,50,adelante
52,1006,50,adelante
52,1006,50,adelante
52,1007,49,adelante
51,1007,49,adelante
54,1007,52,adelante
53,1006,52,adelante
53,1005,52,adelante
53,1006,52,adelante
54,1006,51,adelante
54,1005,51,adelante
54,1006,50,adelante
53,1007,50,adelante
53,1007,50,adelante
52,1007,49,adelante
52,1007,49,adelante
53,1007,50,adelante
53,1007,51,adelante
52,1007,50,adelante
53,1007,51,adelante
53,1007,50,adelante
53,1007,50,adelante
53,1007,51,adelante
56,1007,54,adelante
57,1007,54,adelante
56,1007,54,adelante
55,1007,52,adelante
55,1007,53,adelante
55,1008,52,adelante
55,1007,52,adelante
55,1007,52,adelante
53,1007,51,adelante
54,1007,53,adelante
53,1007,52,adelante
53,50,50,parar
54,51,52,parar
54,51,51,parar
54,51,1005,izq_fuerte
54,51,1005,izq_fuerte
52,50,1005,izq_fuerte
52,48,1005,izq_fuerte
49,47,1005,izq_fuerte
47,45,45,parar
48,45,45,parar
47,45,45,parar
48,45,45,parar
48,1007,45,adelante
47,1007,45,adelante
47,1007,45,adelante
47,1007,45,adelante
47,1007,44,adelante
47,1007,45,adelante
47,1007,45,adelante
47,1007,45,adelante
47,1007,45,adelante
48,1007,46,adelante
48,1007,45,adelante
48,1007,46,adelante
48,1007,46,adelante
49,1007,46,adelante
49,1007,46,adelante
49,1007,47,adelante
949,46,46,der_fuerte
948,46,47,der_fuerte
947,46,47,der_fuerte
48,45,45,parar
48,45,45,parar
47,1005,45,adelante
48,1006,45,adelante
47,1005,45,adelante
46,1006,46,adelante
47,1005,45,adelante
47,1006,45,adelante
46,1005,44,adelante
46,1006,44,adelante
47,1006,44,adelante
47,1005,44,adelante
47,1006,44,adelante
48,1006,45,adelante
47,1006,45,adelante
48,1006,45,adelante
48,1006,45,adelante
48,1006,45,adelante
48,1007,45,adelante
48,1007,45,adelante
48,1007,45,adelante
48,1007,45,adelante
48,1006,45,adelante
48,1007,45,adelante
48,1007,45,adelante
48,1007,45,adelante
48,1007,45,adelante
47,1007,45,adelante
48,1007,45,adelante
47,1006,45,adelante
46,1006,45,adelante
47,1007,45,adelante
47,1007,44,adelante
46,1007,44,adelante
47,1006,44,adelante
47,1007,44,adelante
47,1006,44,adelante
48,1006,44,adelante
47,1007,45,adelante
47,1007,45,adelante
48,1007,45,adelante
47,1007,45,adelante
48,1007,45,adelante
48,1007,45,adelante
47,1007,45,adelante
48,1007,45,adelante
48,1007,45,adelante
47,1006,45,adelante
47,1006,45,adelante
48,1007,45,adelante
47,1006,45,adelante
48,1006,45,adelante
47,1006,45,adelante
47,1006,45,adelante
47,1006,45,adelante
46,1006,45,adelante
46,1006,44,adelante
47,44,44,parar
48,45,45,parar
48,45,45,parar
48,45,45,parar
48,45,45,parar
48,45,46,parar
48,45,45,parar
48,45,45,parar
48,45,46,parar
48,1007,45,adelante
48,1007,45,adelante
47,1007,45,adelante
46,1006,45,adelante
46,1007,45,adelante
46,1006,44,adelante
47,1007,44,adelante
46,1007,44,adelante
47,1007,44,adelante
47,1007,44,adelante
48,1007,44,adelante
48,1007,45,adelante
48,1007,45,adelante
48,1007,45,adelante
48,1006,45,adelante
48,1006,45,adelante
48,1006,45,adelante
47,1007,45,adelante
47,1006,45,adelante
48,1006,45,adelante
48,1007,45,adelante
48,1007,45,adelante
48,1006,45,adelante
48,1007,45,adelante
48,1006,45,adelante
48,1006,45,adelante
46,1006,45,adelante
46,1007,45,adelante
47,1006,45,adelante
46,1006,44,adelante
46,1006,44,adelante
47,1006,44,adelante
47,1006,44,adelante
47,1006,45,adelante
47,1007,44,adelante
48,1006,44,adelante
47,1007,45,adelante
47,1007,45,adelante
48,1007,45,adelante
48,1006,45,adelante
48,1007,45,adelante
48,1006,45,adelante
47,1006,45,adelante
48,1007,46,adelante
47,1007,45,adelante
48,1007,45,adelante
48,1007,45,adelante
48,45,45,parar
48,45,46,parar
48,45,45,parar
48,45,45,parar
48,1007,46,adelante
47,1006,44,adelante
47,1007,45,adelante
47,1007,44,adelante
48,1007,44,adelante
48,1007,45,adelante
48,1007,45,adelante
48,1007,45,adelante
47,1007,45,adelante
48,1007,45,adelante
48,1006,45,adelante
48,1006,45,adelante
48,1007,46,adelante
48,1006,45,adelante
48,1006,45,adelante
48,1007,45,adelante
48,1007,45,adelante
48,1006,45,adelante
48,1006,45,adelante
48,1006,45,adelante
47,1007,45,adelante
47,1007,45,adelante
46,1006,45,adelante
46,1006,44,adelante
46,1007,44,adelante
46,1007,44,adelante
47,1008,44,adelante
47,1007,44,adelante
48,1007,44,adelante
48,1007,44,adelante
48,1007,45,adelante
48,1007,45,adelante
48,1007,45,adelante
48,1007,45,adelante
48,1007,45,adelante
48,1007,46,adelante
48,1006,45,adelante
48,1007,46,adelante
48,1006,45,adelante
48,1007,45,adelante
48,1007,45,adelante
48,1007,46,adelante
48,1007,46,adelante
48,1007,46,adelante
48,1007,45,adelante
48,1007,45,adelante
47,1007,45,adelante
46,1007,45,adelante
47,1006,44,adelante
46,1006,44,adelante
46,1007,44,adelante
47,1007,44,adelante
47,1006,45,adelante
48,1007,45,adelante
48,1007,45,adelante
48,1007,45,adelante
48,1007,45,adelante
48,1007,45,adelante
48,1007,45,adelante
48,45,45,parar
48,45,46,parar
48,45,45,parar
48,45,46,parar
48,1007,45,adelante
48,1007,46,adelante
48,1007,45,adelante
47,1007,45,adelante
47,1006,45,adelante
47,1007,46,adelante
47,1007,45,adelante
46,1007,45,adelante
47,1007,45,adelante
48,1006,45,adelante
48,1007,45,adelante
47,1007,45,adelante
47,1007,45,adelante
48,1007,45,adelante
48,1006,45,adelante
48,1007,45,adelante
48,1007,45,adelante
48,1007,45,adelante
48,1007,45,adelante
48,1007,45,adelante
48,1007,45,adelante
48,1007,46,adelante
48,1007,45,adelante
48,1007,45,adelante
48,1007,45,adelante
48,1007,45,adelante
48,1007,45,adelante
48,1007,45,adelante
47,1007,45,adelante
47,1006,45,adelante
47,1007,45,adelante
48,1007,44,adelante
47,1007,45,adelante
47,1007,45,adelante
48,1007,45,adelante
48,1007,45,adelante
48,1007,45,adelante
48,1007,45,adelante
48,1007,45,adelante
48,1007,46,adelante
48,1007,45,adelante
48,1007,45,adelante
48,1007,45,adelante
48,1007,45,adelante
48,1007,45,adelante
48,1007,45,adelante
48,1007,45,adelante
48,1006,45,adelante
48,1007,45,adelante
48,1007,45,adelante
48,1007,45,adelante
48,1007,45,adelante
47,1007,46,adelante
47,1006,45,adelante
47,1007,46,adelante
47,1007,44,adelante
47,1006,44,adelante
47,1007,45,adelante
47,1007,45,adelante
47,1007,45,adelante
48,1007,45,adelante
48,1007,45,adelante
48,1007,46,adelante
48,1006,46,adelante
48,1007,46,adelante
48,1007,45,adelante
48,1007,45,adelante
48,1007,45,adelante
48,1007,46,adelante
48,1007,46,adelante
48,1007,46,adelante
48,1007,46,adelante
48,1007,46,adelante
49,1007,46,adelante
48,1007,46,adelante
48,1007,46,adelante
48,1007,46,adelante
47,1007,46,adelante
47,1007,46,adelante
46,1007,46,adelante
46,1007,44,adelante
47,1007,44,adelante
47,1006,45,adelante
47,1007,45,adelante
47,1007,45,adelante
48,1007,45,adelante
48,1007,45,adelante
48,1006,46,adelante
48,1007,46,adelante
48,1007,46,adelante
48,1007,46,adelante
48,1007,46,adelante
48,1006,46,adelante
48,1007,46,adelante
48,1006,46,adelante
48,1007,46,adelante
48,1007,46,adelante
48,1006,46,adelante
48,1007,46,adelante
48,1006,46,adelante
48,1007,46,adelante
48,1006,46,adelante
47,1007,46,adelante
47,1006,46,adelante
48,1007,46,adelante
47,1007,45,adelante
47,1006,44,adelante
48,1007,45,adelante
48,1006,45,adelante
48,1007,45,adelante
48,1007,45,adelante
48,1007,45,adelante
48,1007,46,adelante
48,1006,46,adelante
48,1007,46,adelante
48,1006,46,adelante
48,1007,46,adelante
48,1007,46,adelante
48,1007,45,adelante
48,1007,45,adelante
48,1006,46,adelante
48,1007,46,adelante
48,1007,45,adelante
48,1007,46,adelante
48,1007,45,adelante
48,1007,46,adelante
48,1007,46,adelante
47,1007,46,adelante
47,1006,46,adelante
48,1007,46,adelante
48,1007,46,adelante
47,1007,45,adelante
48,1007,45,adelante
48,1007,45,adelante
48,1007,45,adelante
48,1007,45,adelante
48,1007,46,adelante
48,1007,46,adelante
48,1007,46,adelante
48,1006,46,adelante
954,1007,45,der
954,45,46,der_fuerte
954,46,45,der_fuerte
954,45,46,der_fuerte
954,45,46,der_fuerte
954,45,45,der_fuerte
954,45,45,der_fuerte
954,46,45,der_fuerte
954,1007,45,der
47,1007,46,adelante
47,1007,46,adelante
47,1006,46,adelante
48,1007,45,adelante
47,1007,45,adelante
48,1007,45,adelante
48,1006,45,adelante
48,1007,45,adelante
48,1007,45,adelante
48,1007,45,adelante
48,1007,45,adelante
48,1007,45,adelante
48,1007,46,adelante
48,1006,46,adelante
48,1007,46,adelante
48,1007,45,adelante
48,1007,46,adelante
48,1007,46,adelante
48,1007,46,adelante
48,1007,46,adelante
48,1007,45,adelante
48,1007,46,adelante
48,1007,46,adelante
48,1007,46,adelante
48,1007,46,adelante
47,1007,46,adelante
47,1007,46,adelante
47,1007,46,adelante
47,1007,45,adelante
47,1007,45,adelante
48,1007,45,adelante
48,1007,45,adelante
48,1007,45,adelante
48,1007,45,adelante
48,1007,45,adelante
48,1007,46,adelante
48,1007,46,adelante
48,1007,46,adelante
49,1007,46,adelante
48,1007,46,adelante
48,1007,46,adelante
48,1007,46,adelante
48,1007,46,adelante
48,1007,46,adelante
48,1007,46,adelante
48,1007,46,adelante
48,1007,46,adelante
49,1007,46,adelante
48,1006,46,adelante
48,1007,46,adelante
47,1008,46,adelante
47,1006,46,adelante
47,1007,46,adelante
47,1007,45,adelante
48,1007,45,adelante
48,1007,45,adelante
48,1007,45,adelante
48,1007,45,adelante
48,1007,45,adelante
48,1007,46,adelante
47,1007,46,adelante
77,1007,46,adelante
61,1007,46,adelante
52,1007,46,adelante
50,1007,46,adelante
49,1006,46,adelante
48,1007,46,adelante
47,1007,46,adelante
47,1007,46,adelante
47,1007,46,adelante
47,1007,46,adelante
46,1007,46,adelante
47,1007,46,adelante
47,1007,46,adelante
47,1007,46,adelante
45,1007,46,adelante
45,1007,46,adelante
45,1007,46,adelante
46,1007,45,adelante
46,1007,45,adelante
45,1007,45,adelante
46,1007,45,adelante
46,1007,45,adelante
46,1007,45,adelante
46,1007,46,adelante
46,1007,46,adelante
46,1007,45,adelante
46,1007,45,adelante
46,1007,46,adelante
46,1007,46,adelante
46,1007,46,adelante
46,1007,46,adelante
47,1007,46,adelante
67,1007,46,adelante
72,1007,46,adelante
81,1008,46,adelante
73,1007,45,adelante
75,1007,45,adelante
91,1007,45,adelante
83,1007,45,adelante
82,45,1003,izq_fuerte
80,45,45,parar
83,46,45,parar
81,45,1004,izq_fuerte
82,45,1003,izq_fuerte
80,45,45,parar
83,46,45,parar
81,45,1004,izq_fuerte
83,45,1004,izq_fuerte
83,45,1004,izq_fuerte
83,45,1004,izq_fuerte
83,45,45,parar
83,46,45,parar
83,45,45,parar
83,45,1004,izq_fuerte
83,45,1004,izq_fuerte
82,45,1004,izq_fuerte
81,45,46,parar
81,45,1004,izq_fuerte
82,45,1004,izq_fuerte
81,45,1004,izq_fuerte
80,45,1004,izq_fuerte
80,45,1004,izq_fuerte
80,45,1004,izq_fuerte
80,1007,1005,izq
81,1008,1005,izq
81,1008,1004,izq
81,1008,1004,izq
81,1008,1005,izq
81,1008,1004,izq
80,1008,1004,izq
80,1008,1005,izq
80,1008,1004,izq
80,1008,1005,izq
80,1008,1004,izq
80,1008,1005,izq
80,1007,1004,izq
80,1008,1004,izq
80,1008,1004,izq
80,1008,1005,izq
80,1008,1004,izq
955,1008,1005,adelante
955,1008,1005,adelante
956,1008,1005,adelante
956,1008,1005,adelante
956,1008,1005,adelante
955,1008,1004,adelante
956,1008,1005,adelante
955,1008,46,der
956,1008,45,der
955,1008,45,der
955,1008,45,der
955,1008,45,der
79,1007,45,adelante
80,1007,45,adelante
78,1008,1005,izq
956,1008,1005,adelante
956,1008,1005,adelante
956,1008,1004,adelante
956,1008,1005,adelante
954,1008,1005,adelante
954,1009,1005,adelante
93,1008,1005,izq
88,1008,1005,izq
78,1007,1004,izq
112,1007,1004,izq
76,1007,1004,izq
64,1007,1004,izq
63,1007,1005,izq
58,1007,1004,izq
61,1007,1004,izq
68,1007,1004,izq
82,1004,510,izq
94,1007,45,adelante
84,1007,44,adelante
77,1007,45,adelante
87,1007,45,adelante
95,1007,45,adelante
83,1007,45,adelante
81,1007,45,adelante
950,1007,45,der
950,1007,44,der
950,1007,44,der
950,1007,44,der
950,1008,44,der
950,1007,44,der
950,1007,44,der
950,1007,44,der
950,1007,44,der
950,1008,45,der
950,1007,45,der
950,1007,47,der
950,1008,47,der
951,1008,48,der
951,1008,47,der
951,1007,46,der
952,1008,62,der
952,1008,63,der
952,1008,63,der
952,1008,63,der
953,1007,64,der
952,1008,63,der
952,1007,63,der
952,1007,62,der
954,1008,63,der
953,1008,62,der
954,1008,61,der
954,1008,62,der
954,1008,61,der
954,1008,62,der
955,1008,62,der
956,1007,61,der
955,1008,61,der
955,1008,61,der
955,1008,61,der
97,1007,61,adelante
96,1007,61,adelante
95,1007,60,adelante
94,1007,60,adelante
94,1007,61,adelante
94,1007,61,adelante
93,1007,61,adelante
94,1007,61,adelante
91,1007,61,adelante
91,1007,60,adelante
90,1008,60,adelante
90,1008,57,adelante
89,1007,58,adelante
90,1007,59,adelante
94,1007,60,adelante
101,1007,61,adelante
97,1007,60,adelante
98,1007,61,adelante
97,1007,61,adelante
97,1007,61,adelante
95,1007,60,adelante
95,1007,59,adelante
94,1007,59,adelante
94,1007,59,adelante
94,1008,59,adelante
93,1007,59,adelante
93,1007,58,adelante
90,1007,58,adelante
93,1007,58,adelante
95,1007,58,adelante
95,58,58,parar
94,58,58,parar
93,1007,57,adelante
91,1007,57,adelante
91,1007,56,adelante
91,1008,55,adelante
91,1007,55,adelante
91,1007,56,adelante
92,1008,56,adelante
98,1007,61,adelante
85,1007,49,adelante
86,1008,51,adelante
90,1007,55,adelante
91,1007,56,adelante
90,1007,55,adelante
81,1007,55,adelante
85,1007,55,adelante
90,1007,55,adelante
91,1007,56,adelante
91,1008,56,adelante
91,1008,56,adelante
90,1007,55,adelante
92,1007,58,adelante
93,1008,58,adelante
95,1007,61,adelante
94,1007,59,adelante
89,1008,57,adelante
88,1007,57,adelante
85,1007,51,adelante
88,1007,53,adelante
87,1007,53,adelante
89,1007,55,adelante
90,1007,55,adelante
91,1007,56,adelante
94,1007,58,adelante
94,1007,58,adelante
93,1007,58,adelante
92,1007,57,adelante
93,1008,58,adelante
98,1008,63,adelante
95,1007,60,adelante
96,1008,61,adelante
94,1007,60,adelante
94,1007,60,adelante
95,1007,59,adelante
94,1008,59,adelante
92,1007,59,adelante
91,1007,59,adelante
90,1007,59,adelante
90,1007,59,adelante
91,1007,59,adelante
91,59,59,parar
939,59,59,der_fuerte
938,59,59,der_fuerte
88,58,59,parar
91,1007,58,adelante
91,1007,57,adelante
90,1007,58,adelante
89,1007,58,adelante
89,1008,58,adelante
89,1007,58,adelante
92,1008,59,adelante
92,1007,58,adelante
99,1008,67,adelante
100,1008,67,adelante
97,1008,65,adelante
90,1007,56,adelante
82,1007,51,adelante
80,1008,50,adelante
81,1008,51,adelante
81,1007,51,adelante
82,1007,50,adelante
79,1008,50,adelante
78,1008,49,adelante
77,1008,49,adelante
78,1008,50,adelante
78,1007,51,adelante
77,1008,49,adelante
77,1008,47,adelante
77,1008,48,adelante
77,1008,48,adelante
79,1008,49,adelante
81,1008,51,adelante
85,1008,56,adelante
84,1008,55,adelante
85,1008,56,adelante
84,1007,55,adelante
84,1008,55,adelante
84,1008,55,adelante
84,1008,54,adelante
83,1008,54,adelante
83,1008,54,adelante
83,1007,54,adelante
83,1008,54,adelante
83,1008,54,adelante
83,1007,54,adelante
83,1008,54,adelante
101,51,52,parar
101,51,51,parar
101,51,1002,izq_fuerte
101,51,52,parar
102,51,51,parar
102,51,51,parar
102,51,51,parar
102,51,51,parar
102,51,51,parar
102,51,1001,izq_fuerte
101,51,1001,izq_fuerte
101,51,1001,izq_fuerte
101,51,51,parar
101,51,51,parar
102,51,51,parar
102,51,1001,izq_fuerte
102,51,1001,izq_fuerte
102,51,51,parar
102,51,51,parar
102,51,51,parar
102,51,51,parar
102,51,51,parar
102,51,51,parar
102,52,51,parar
102,51,51,parar
104,51,51,parar
104,51,51,parar
104,51,51,parar
103,51,51,parar
104,51,51,parar
103,51,51,parar
108,51,51,parar
112,51,51,parar
112,51,52,parar
112,51,51,parar
110,51,1001,izq_fuerte
109,51,1002,izq_fuerte
107,51,1001,izq_fuerte
106,51,51,parar
105,1008,51,adelante
105,1007,51,adelante
104,1008,51,adelante
104,1008,51,adelante
104,1008,51,adelante
104,1007,51,adelante
103,1007,51,adelante
104,50,51,parar
104,51,1001,izq_fuerte
104,51,1001,izq_fuerte
103,50,1001,izq_fuerte
103,51,1002,izq_fuerte
103,50,1002,izq_fuerte
103,51,51,parar
104,51,51,parar
104,51,51,parar
103,51,51,parar
103,51,1001,izq_fuerte
103,51,1002,izq_fuerte
102,51,52,parar
102,51,51,parar
102,51,51,parar
102,51,52,parar
102,52,51,parar
102,51,51,parar
102,51,52,parar
102,51,52,parar
102,52,51,parar
102,51,52,parar
103,52,52,parar
103,52,51,parar
103,51,52,parar
103,52,52,parar
104,51,1001,izq_fuerte
103,51,1002,izq_fuerte
103,52,52,parar
102,1008,52,adelante
102,1008,51,adelante
102,1007,52,adelante
103,1007,52,adelante
103,1007,51,adelante
103,1007,51,adelante
102,1008,51,adelante
102,1008,51,adelante
102,1008,52,adelante
102,1008,51,adelante
102,1008,51,adelante
102,52,51,parar
103,51,1001,izq_fuerte
104,51,1002,izq_fuerte
104,51,1002,izq_fuerte
103,51,1002,izq_fuerte
103,51,51,parar
103,51,52,parar
103,51,51,parar
102,51,51,parar
103,51,1001,izq_fuerte
101,50,1002,izq_fuerte
101,50,1001,izq_fuerte
102,50,1002,izq_fuerte
103,51,51,parar
102,51,1002,izq_fuerte
102,51,1001,izq_fuerte
102,51,1002,izq_fuerte
102,52,52,parar
100,51,52,parar
100,52,52,parar
100,51,52,parar
99,51,1001,izq_fuerte
99,51,1001,izq_fuerte
99,52,1002,izq_fuerte
98,51,1002,izq_fuerte
99,51,1002,izq_fuerte
99,51,1001,izq_fuerte
99,51,1002,izq_fuerte
98,51,1002,izq_fuerte
98,51,1001,izq_fuerte
99,51,51,parar
99,51,52,parar
99,51,52,parar
99,51,1001,izq_fuerte
98,50,1001,izq_fuerte
99,50,1001,izq_fuerte
99,51,1002,izq_fuerte
99,51,51,parar
99,1007,51,adelante
99,1007,51,adelante
100,51,52,parar
100,51,51,parar
100,51,52,parar
100,51,51,parar
100,51,51,parar
100,51,51,parar
100,51,51,parar
100,51,1002,izq_fuerte
99,51,1002,izq_fuerte
99,51,1002,izq_fuerte
99,51,51,parar
99,1008,51,adelante
98,1008,49,adelante
98,1008,50,adelante
99,1008,50,adelante
100,1008,50,adelante
100,1008,50,adelante
100,1008,51,adelante
101,51,51,parar
101,51,51,parar
101,51,51,parar
101,51,51,parar
101,51,51,parar
101,51,51,parar
101,51,51,parar
101,52,51,parar
101,51,52,parar
101,51,52,parar
101,51,52,parar
101,52,52,parar
101,51,52,parar
101,51,52,parar
101,52,52,parar
101,51,52,parar
101,51,51,parar
101,52,51,parar
101,51,52,parar
101,52,52,parar
100,51,1002,izq_fuerte
100,51,52,parar
100,51,51,parar
100,51,51,parar
100,51,51,parar
100,51,51,parar
100,51,51,parar
100,51,51,parar
100,51,51,parar
100,51,51,parar
100,51,51,parar
100,51,51,parar
100,51,51,parar
100,51,51,parar
100,51,51,parar
100,51,51,parar
100,51,51,parar
99,51,1001,izq_fuerte
99,51,1001,izq_fuerte
98,1007,51,adelante
98,1007,51,adelante
98,1008,51,adelante
98,1008,51,adelante
98,1008,51,adelante
98,1007,51,adelante
98,1008,51,adelante
98,1008,51,adelante
98,1008,51,adelante
98,1008,51,adelante
98,1008,50,adelante
98,1008,50,adelante
98,1008,50,adelante
98,1007,51,adelante
98,1008,51,adelante
98,1007,51,adelante
98,1008,51,adelante
97,1008,50,adelante
98,1008,51,adelante
98,1008,51,adelante
98,1008,50,adelante
98,1008,51,adelante
98,1008,51,adelante
98,1007,51,adelante
98,1008,51,adelante
98,1008,51,adelante
98,1008,51,adelante
99,1008,51,adelante
98,1008,51,adelante
98,1007,51,adelante
98,1008,51,adelante
98,1007,51,adelante
98,1008,51,adelante
98,1007,50,adelante
98,1008,51,adelante
98,1008,51,adelante
98,1008,51,adelante
98,1007,51,adelante
98,1008,51,adelante
98,1008,51,adelante
98,1008,51,adelante
98,1008,51,adelante
98,1008,51,adelante
98,1007,51,adelante
99,1008,51,adelante
98,1007,51,adelante
98,1008,51,adelante
99,1008,51,adelante
96,1008,51,adelante
98,1007,51,adelante
97,1008,51,adelante
98,1008,51,adelante
98,1008,51,adelante
98,1008,50,adelante
98,1008,51,adelante
97,1008,51,adelante
98,1007,51,adelante
97,1007,51,adelante
98,1008,50,adelante
97,1008,50,adelante
98,1008,50,adelante
98,1007,50,adelante
98,1007,50,adelante
98,1007,51,adelante
98,1008,51,adelante
98,1008,51,adelante
98,1007,51,adelante
98,1008,51,adelante
98,1008,51,adelante
98,1007,51,adelante
98,1008,51,adelante
98,1008,51,adelante
98,1007,51,adelante
98,1008,51,adelante
98,1008,51,adelante
98,1008,51,adelante
98,51,1002,izq_fuerte
99,51,1001,izq_fuerte
99,51,1001,izq_fuerte
96,47,1002,izq_fuerte
98,51,1002,izq_fuerte
99,51,1001,izq_fuerte
99,51,1001,izq_fuerte
96,47,1002,izq_fuerte
93,44,44,parar
93,1007,44,adelante
93,1007,44,adelante
93,44,44,parar
93,44,1001,izq_fuerte
93,44,1001,izq_fuerte
94,44,1001,izq_fuerte
94,45,1001,izq_fuerte
94,45,1001,izq_fuerte
94,44,1002,izq_fuerte
94,44,1002,izq_fuerte
94,44,1002,izq_fuerte
94,44,1001,izq_fuerte
94,44,1001,izq_fuerte
94,44,1001,izq_fuerte
94,44,1001,izq_fuerte
93,44,1001,izq_fuerte
93,44,1001,izq_fuerte
93,44,1001,izq_fuerte
93,1008,1002,izq
93,1008,1002,izq
93,1008,1002,izq
94,1010,48,adelante
93,1008,44,adelante
92,1007,44,adelante
92,1008,44,adelante
92,1008,44,adelante
92,1007,44,adelante
92,1008,45,adelante
92,1008,45,adelante
92,1007,45,adelante
92,1007,45,adelante
92,1008,45,adelante
91,1008,44,adelante
90,1007,44,adelante
91,1007,44,adelante
91,1007,44,adelante
92,1008,45,adelante
92,1008,45,adelante
91,1007,45,adelante
92,1007,44,adelante
92,1007,44,adelante
91,1008,44,adelante
92,1007,45,adelante
92,1007,45,adelante
92,1008,45,adelante
91,1008,45,adelante
92,1008,44,adelante
91,1007,45,adelante
92,1008,45,adelante
91,1007,44,adelante
91,1007,45,adelante
92,1007,44,adelante
92,1007,45,adelante
92,1007,45,adelante
93,1008,45,adelante
92,45,45,parar
947,45,45,der_fuerte
947,45,45,der_fuerte
947,45,45,der_fuerte
947,45,45,der_fuerte
947,45,45,der_fuerte
947,44,45,der_fuerte
947,45,45,der_fuerte
947,45,45,der_fuerte
947,45,45,der_fuerte
947,45,45,der_fuerte
947,45,45,der_fuerte
947,45,45,der_fuerte
947,45,45,der_fuerte
947,45,44,der_fuerte
947,45,44,der_fuerte
947,45,45,der_fuerte
946,45,45,der_fuerte
946,45,45,der_fuerte
947,45,45,der_fuerte
946,45,45,der_fuerte
947,45,44,der_fuerte
947,45,45,der_fuerte
947,45,45,der_fuerte
946,45,45,der_fuerte
92,1007,45,adelante
91,1007,45,adelante
91,1008,44,adelante
92,1008,44,adelante
91,1008,45,adelante
92,1007,45,adelante
91,1007,44,adelante
92,1007,45,adelante
92,1007,45,adelante
92,1008,45,adelante
92,1007,45,adelante
92,1007,45,adelante
92,1007,45,adelante
948,1008,44,der
948,1008,45,der
949,45,45,der_fuerte
948,45,45,der_fuerte
948,45,45,der_fuerte
949,45,45,der_fuerte
948,45,45,der_fuerte
948,45,45,der_fuerte
949,45,45,der_fuerte
949,45,45,der_fuerte
948,45,45,der_fuerte
949,45,45,der_fuerte
949,45,45,der_fuerte
949,45,45,der_fuerte
949,45,45,der_fuerte
949,45,45,der_fuerte
949,45,45,der_fuerte
949,45,44,der_fuerte
949,45,45,der_fuerte
948,45,45,der_fuerte
948,45,45,der_fuerte
949,45,45,der_fuerte
949,1007,45,der
92,1007,44,adelante
92,1008,45,adelante
92,1007,44,adelante
92,1008,45,adelante
92,1007,45,adelante
93,1007,45,adelante
93,1007,45,adelante
93,1007,45,adelante
93,1008,45,adelante
949,1007,44,der
949,1008,44,der
949,1007,44,der
949,1008,44,der
949,1008,44,der
92,1008,44,adelante
93,1007,44,adelante
93,1007,44,adelante
93,1007,45,adelante
92,1007,45,adelante
93,1008,45,adelante
92,1007,45,adelante
93,45,45,parar
93,1008,45,adelante
93,1007,45,adelante
93,1008,45,adelante
92,1007,45,adelante
92,1008,45,adelante
93,1008,45,adelante
93,1007,45,adelante
92,1007,45,adelante
92,1007,45,adelante
92,1007,44,adelante
92,1007,45,adelante
92,1007,45,adelante
92,1007,45,adelante
92,1008,44,adelante
92,1007,44,adelante
92,1007,45,adelante
92,1008,45,adelante
92,1007,44,adelante
92,1007,45,adelante
92,1008,45,adelante
92,1007,45,adelante
92,1007,45,adelante
92,1007,45,adelante
92,1008,45,adelante
92,1007,45,adelante
92,1007,45,adelante
92,1008,45,adelante
92,1008,45,adelante
92,1008,45,adelante
92,1007,44,adelante
92,1007,45,adelante
92,1008,45,adelante
92,1007,45,adelante
92,1007,45,adelante
91,1007,45,adelante
91,1008,45,adelante
91,1007,45,adelante
92,1007,44,adelante
91,1007,44,adelante
91,1007,44,adelante
91,1007,44,adelante
90,1007,45,adelante
90,1007,45,adelante
91,1007,45,adelante
91,1007,45,adelante
90,1007,45,adelante
91,1008,45,adelante
91,1007,45,adelante
91,1007,45,adelante
91,1007,45,adelante
91,1008,45,adelante
91,1007,45,adelante
91,1008,45,adelante
91,1008,44,adelante
91,1008,45,adelante
91,1007,45,adelante
90,1007,45,adelante
91,1008,45,adelante
91,1007,45,adelante
91,1008,45,adelante
90,1007,45,adelante
90,1007,45,adelante
91,1007,44,adelante
91,1008,45,adelante
91,1007,44,adelante
91,44,1000,izq_fuerte
91,44,45,parar
91,45,45,parar
91,45,45,parar
91,45,45,parar
91,45,45,parar
91,45,44,parar
91,45,45,parar
91,45,45,parar
91,45,45,parar
90,45,45,parar
90,45,45,parar
90,45,45,parar
90,1008,44,adelante
90,1007,45,adelante
90,1007,44,adelante
90,1008,45,adelante
90,1008,45,adelante
90,1007,44,adelante
90,1008,45,adelante
90,1008,45,adelante
90,1008,45,adelante
90,1007,45,adelante
90,1008,45,adelante
90,1007,45,adelante
90,1007,45,adelante
90,1007,45,adelante
90,1008,45,adelante
89,1007,45,adelante
90,1007,45,adelante
89,1008,45,adelante
88,1007,45,adelante
88,1008,44,adelante
89,1007,44,adelante
88,1008,44,adelante
89,1007,43,adelante
89,1008,43,adelante
89,1007,44,adelante
89,1008,45,adelante
91,45,44,parar
953,45,44,der_fuerte
953,45,44,der_fuerte
953,45,44,der_fuerte
90,45,44,parar
91,45,44,parar
90,1007,45,adelante
90,1007,45,adelante
90,1007,44,adelante
90,1007,44,adelante
90,1007,44,adelante
90,1008,45,adelante
91,1008,44,adelante
90,1007,45,adelante
91,1007,45,adelante
90,1007,45,adelante
90,1007,45,adelante
90,1007,45,adelante
91,1007,45,adelante
90,1007,45,adelante
90,1007,44,adelante
90,1007,45,adelante
90,1007,45,adelante
90,1007,44,adelante
90,1007,44,adelante
89,1007,44,adelante
90,1007,44,adelante
90,1007,44,adelante
90,1007,44,adelante
91,1007,45,adelante
91,1007,44,adelante
90,1008,44,adelante
91,1007,45,adelante
91,1007,44,adelante
91,1007,45,adelante
90,1008,45,adelante
91,1007,44,adelante
91,1008,44,adelante
91,1007,45,adelante
91,1007,44,adelante
90,1007,44,adelante
91,1007,45,adelante
91,1007,44,adelante
91,1007,45,adelante
90,1008,44,adelante
91,1007,44,adelante
90,1007,44,adelante
89,1007,45,adelante
90,1007,44,adelante
90,1007,44,adelante
89,1008,44,adelante
89,1007,43,adelante
90,1007,43,adelante
90,1007,44,adelante
91,1008,44,adelante
91,1007,44,adelante
91,1007,44,adelante
91,1007,44,adelante
91,1008,44,adelante
91,1007,44,adelante
91,1008,44,adelante
91,1007,44,adelante
91,1007,44,adelante
91,1007,44,adelante
91,1007,44,adelante
91,1007,44,adelante
91,1007,45,adelante
91,1007,45,adelante
91,1008,45,adelante
91,1007,44,adelante
91,1007,45,adelante
91,1007,44,adelante
91,1007,45,adelante
91,1007,44,adelante
91,1007,44,adelante
91,1007,44,adelante
91,1008,44,adelante
91,1008,44,adelante
91,1007,44,adelante
91,1007,44,adelante
91,1007,44,adelante
91,1007,44,adelante
91,1007,44,adelante
91,1007,45,adelante
91,1007,44,adelante
92,1008,45,adelante
91,1007,44,adelante
91,1007,44,adelante
91,1008,44,adelante
92,1007,44,adelante
91,1007,44,adelante
92,1007,45,adelante
92,1007,44,adelante
92,1007,44,adelante
91,1007,45,adelante
92,1008,44,adelante
90,1007,44,adelante
91,1007,44,adelante
90,1007,44,adelante
91,1007,44,adelante
90,1007,44,adelante
91,1008,44,adelante
91,1008,44,adelante
91,1008,44,adelante
91,1007,44,adelante
91,1007,44,adelante
91,1008,44,adelante
91,1007,44,adelante
91,1008,44,adelante
91,1007,44,adelante
91,1007,44,adelante
91,1007,44,adelante
91,1007,44,adelante
91,1007,44,adelante
92,1007,44,adelante
93,1007,44,adelante
92,1007,44,adelante
105,1007,45,adelante
103,1008,44,adelante
103,1007,44,adelante
100,1007,45,adelante
100,1007,44,adelante
100,1007,44,adelante
100,1007,45,adelante
100,1007,45,adelante
100,1007,44,adelante
100,1007,45,adelante
100,1007,45,adelante
100,1007,45,adelante
100,1008,44,adelante
100,1007,44,adelante
100,1008,44,adelante
100,1008,45,adelante
99,1007,44,adelante
100,1007,45,adelante
100,1008,45,adelante
100,1007,45,adelante
99,1007,44,adelante
99,1007,44,adelante
99,1007,44,adelante
99,1007,45,adelante
99,1007,45,adelante
99,1008,45,adelante
99,1008,44,adelante
98,1007,45,adelante
98,1008,44,adelante
97,1008,45,adelante
96,1008,45,adelante
96,1007,45,adelante
96,1007,45,adelante
96,1007,45,adelante
95,1007,45,adelante
96,1008,45,adelante
95,1007,45,adelante
95,1007,45,adelante
95,1007,45,adelante
94,1007,44,adelante
94,1007,45,adelante
94,1008,44,adelante
94,1007,44,adelante
94,1007,44,adelante
94,1007,44,adelante
94,1007,44,adelante
95,1007,44,adelante
95,1007,44,adelante
94,1007,44,adelante
95,1007,45,adelante
95,1007,44,adelante
95,1007,45,adelante
95,1008,45,adelante
95,1007,45,adelante
95,1008,45,adelante
95,45,45,parar
94,44,1000,izq_fuerte
95,45,1000,izq_fuerte
95,45,1000,izq_fuerte
95,45,1001,izq_fuerte
95,45,45,parar
95,1008,44,adelante
94,1007,45,adelante
94,1007,45,adelante
95,1008,45,adelante
94,1008,45,adelante
94,1008,44,adelante
94,1008,45,adelante
94,1008,44,adelante
94,1007,45,adelante
94,1008,45,adelante
94,1007,45,adelante
94,1008,45,adelante
94,1007,45,adelante
94,1007,45,adelante
94,1007,45,adelante
94,1007,45,adelante
94,1008,45,adelante
94,1007,45,adelante
94,1008,45,adelante
94,1007,45,adelante
94,1008,45,adelante
94,1007,45,adelante
95,1007,45,adelante
94,1007,45,adelante
94,1007,45,adelante
94,1008,45,adelante
94,1007,45,adelante
94,1007,45,adelante
94,1008,44,adelante
94,1008,45,adelante
94,1007,45,adelante
94,1007,45,adelante
94,1008,45,adelante
94,1008,44,adelante
94,1008,45,adelante
94,1007,44,adelante
94,1007,45,adelante
94,1008,44,adelante
94,1007,45,adelante
94,1007,45,adelante
94,1008,45,adelante
94,1007,45,adelante
94,1007,44,adelante
95,1007,45,adelante
94,1007,45,adelante
94,1007,45,adelante
94,1007,45,adelante
94,1008,45,adelante
94,45,45,parar
94,45,45,parar
94,45,1000,izq_fuerte
94,45,1000,izq_fuerte
94,45,1000,izq_fuerte
94,44,1000,izq_fuerte
94,44,1000,izq_fuerte
94,44,1001,izq_fuerte
94,45,45,parar
94,44,45,parar
94,45,45,parar
94,45,44,parar
94,45,45,parar
94,45,45,parar
94,45,45,parar
94,45,45,parar
94,45,45,parar
94,45,44,parar
94,45,44,parar
94,45,45,parar
94,45,45,parar
94,45,1000,izq_fuerte
94,44,1000,izq_fuerte
94,45,1000,izq_fuerte
94,45,1000,izq_fuerte
94,45,44,parar
94,44,45,parar
94,45,45,parar
94,1006,44,adelante
93,1006,45,adelante
93,1005,45,adelante
94,1006,45,adelante
93,1003,44,adelante
94,1004,44,adelante
96,1004,45,adelante
96,1004,45,adelante
97,1005,44,adelante
97,1006,45,adelante
99,1006,44,adelante
99,1007,45,adelante
99,1006,45,adelante
99,1007,45,adelante
100,1007,45,adelante
100,1007,45,adelante
100,1007,46,adelante
101,1007,46,adelante
101,1007,47,adelante
100,1007,46,adelante
100,1007,46,adelante
99,1007,45,adelante
99,1007,45,adelante
98,1007,45,adelante
96,1007,44,adelante
93,1007,45,adelante
93,1007,45,adelante
954,1007,45,der
954,1008,45,der
953,45,44,der_fuerte
954,45,45,der_fuerte
953,45,45,der_fuerte
954,1008,45,der
954,1007,45,der
954,1007,45,der
954,1008,45,der
953,45,44,der_fuerte
953,45,45,der_fuerte
954,1008,45,der
94,1007,45,adelante
94,1007,45,adelante
94,1007,45,adelante
94,1007,45,adelante
94,1007,45,adelante
94,1007,45,adelante
94,1008,45,adelante
94,1007,45,adelante
94,1007,45,adelante
94,1008,45,adelante
94,1007,45,adelante
94,1007,45,adelante
94,1007,45,adelante
94,1007,45,adelante
94,1007,45,adelante
94,1008,45,adelante
94,1007,45,adelante
94,1007,45,adelante
94,1007,45,adelante
94,1007,45,adelante
94,1007,45,adelante
94,1008,45,adelante
94,1007,45,adelante
94,1008,45,adelante
94,1007,45,adelante
94,1008,45,adelante
94,1007,44,adelante
94,1007,44,adelante
94,1007,44,adelante
94,1007,45,adelante
94,1007,45,adelante
94,1007,45,adelante
93,1007,45,adelante
93,1007,45,adelante
93,1007,45,adelante
93,1007,45,adelante
93,1008,44,adelante
93,1007,44,adelante
94,1008,44,adelante
93,1008,45,adelante
94,1007,45,adelante
93,1007,44,adelante
93,1007,45,adelante
94,1008,44,adelante
94,1007,45,adelante
93,1008,44,adelante
93,1007,45,adelante
81,1008,44,adelante
81,1007,45,adelante
81,1007,44,adelante
81,1007,45,adelante
80,1007,45,adelante
81,1008,44,adelante
81,1007,45,adelante
81,1008,44,adelante
81,1007,45,adelante
81,1007,45,adelante
81,1007,45,adelante
81,1006,45,adelante
81,1007,45,adelante
81,1007,45,adelante
79,1007,45,adelante
79,1007,44,adelante
79,1007,45,adelante
78,1007,45,adelante
78,1007,45,adelante
78,1007,45,adelante
79,1007,45,adelante
79,1007,45,adelante
79,1007,45,adelante
79,1008,45,adelante
79,1007,45,adelante
79,1007,45,adelante
79,1008,45,adelante
79,1007,45,adelante
79,1007,45,adelante
80,1007,45,adelante
79,1007,45,adelante
80,1008,45,adelante
79,1007,45,adelante
80,1007,45,adelante
79,1006,45,adelante
79,1007,45,adelante
79,1007,45,adelante
79,1007,45,adelante
79,1007,44,adelante
79,1007,45,adelante
79,1007,44,adelante
79,1007,44,adelante
79,1007,44,adelante
79,1007,45,adelante
80,1008,44,adelante
79,1007,45,adelante
79,1008,45,adelante
79,1007,45,adelante
79,1007,44,adelante
79,1007,45,adelante
80,1007,45,adelante
80,1007,45,adelante
79,1007,45,adelante
79,1007,45,adelante
80,1007,45,adelante
80,1008,45,adelante
80,1008,45,adelante
79,1007,45,adelante
79,1007,45,adelante
80,1008,44,adelante
79,1007,45,adelante
79,1007,45,adelante
79,1007,45,adelante
79,1007,44,adelante
79,1007,44,adelante
79,1007,44,adelante
80,1008,45,adelante
80,1008,44,adelante
79,1007,45,adelante
79,1007,45,adelante
80,1007,45,adelante
80,1007,45,adelante
80,1007,45,adelante
80,1008,45,adelante
80,1007,45,adelante
80,1007,45,adelante
79,1008,45,adelante
80,1008,45,adelante
80,1008,45,adelante
80,1007,45,adelante
80,1007,45,adelante
79,1007,45,adelante
79,1007,45,adelante
79,1007,45,adelante
79,1007,45,adelante
80,1007,45,adelante
79,1007,45,adelante
80,1007,45,adelante
80,1008,45,adelante
79,1007,45,adelante
79,1007,45,adelante
79,1007,45,adelante
79,1008,45,adelante
79,1007,45,adelante
80,1008,45,adelante
80,1007,45,adelante
80,1007,45,adelante
79,1007,45,adelante
80,1007,45,adelante
80,1008,45,adelante
80,1007,45,adelante
80,1007,45,adelante
79,1008,45,adelante
79,1007,45,adelante
80,1007,45,adelante
79,1007,45,adelante
80,1008,45,adelante
81,1007,45,adelante
81,1007,45,adelante
81,1008,45,adelante
81,1008,45,adelante
81,1007,45,adelante
80,1008,45,adelante
81,1007,45,adelante
81,1007,44,adelante
81,1008,45,adelante
81,1008,45,adelante
81,1007,45,adelante
81,1007,45,adelante
81,1007,45,adelante
81,1007,45,adelante
81,1008,45,adelante
81,1007,45,adelante
81,1007,45,adelante
81,45,45,parar
81,45,45,parar
81,45,44,parar
82,45,45,parar
81,45,45,parar
81,45,45,parar
82,45,45,parar
82,45,45,parar
81,45,45,parar
81,1007,45,adelante
81,1008,45,adelante
81,1008,45,adelante
81,1007,45,adelante
81,1008,45,adelante
81,1008,45,adelante
81,1007,45,adelante
81,1007,45,adelante
82,1007,45,adelante
81,1007,44,adelante
81,1008,45,adelante
80,1007,45,adelante
80,1007,45,adelante
80,1007,44,adelante
80,1007,45,adelante
80,1007,44,adelante
80,1007,45,adelante
80,1007,45,adelante
80,1007,45,adelante
80,1007,45,adelante
80,1007,45,adelante
80,1007,44,adelante
80,1007,44,adelante
81,1007,45,adelante
81,1007,45,adelante
81,1008,45,adelante
80,1007,46,adelante
80,1007,45,adelante
80,46,45,parar
80,1007,44,adelante
80,1007,45,adelante
80,1008,44,adelante
80,1008,45,adelante
80,1007,45,adelante
80,1007,45,adelante
99,44,1002,izq_fuerte
98,45,1002,izq_fuerte
98,44,1002,izq_fuerte
103,45,44,parar
99,44,1002,izq_fuerte
98,45,1002,izq_fuerte
98,44,1002,izq_fuerte
103,45,1002,izq_fuerte
96,45,44,parar
100,44,1001,izq_fuerte
100,45,1001,izq_fuerte
103,44,1002,izq_fuerte
97,44,1002,izq_fuerte
96,44,1001,izq_fuerte
95,45,1002,izq_fuerte
95,44,1002,izq_fuerte
95,44,1002,izq_fuerte
95,45,1002,izq_fuerte
95,44,1001,izq_fuerte
95,44,1002,izq_fuerte
95,44,1002,izq_fuerte
95,45,44,parar
92,45,1002,izq_fuerte
93,44,433,izq_fuerte
92,44,1002,izq_fuerte
91,45,44,parar
91,45,45,parar
92,44,45,parar
88,45,44,parar
86,46,100,parar
95,44,1001,izq_fuerte
94,44,1002,izq_fuerte
95,44,1002,izq_fuerte
105,1006,346,adelante
105,1008,44,adelante
103,1007,45,adelante
92,1007,44,adelante
93,1007,44,adelante
93,1007,45,adelante
75,44,1002,izq_fuerte
73,45,1001,izq_fuerte
65,44,1001,izq_fuerte
61,45,1001,izq_fuerte
60,45,1002,izq_fuerte
63,44,1002,izq_fuerte
72,45,1002,izq_fuerte
125,44,1001,izq_fuerte
120,1008,1002,izq
94,1008,1002,izq
77,1008,1002,izq
72,1008,1002,izq
72,1007,1002,izq
72,45,1001,izq_fuerte
71,44,1001,izq_fuerte
67,44,1002,izq_fuerte
121,1008,1002,izq
121,1008,1002,izq
121,1008,1002,izq
122,1008,1002,izq
125,1008,1002,izq
115,1008,1002,izq
116,1008,1002,izq
117,1008,1002,izq
117,1008,45,adelante
119,1008,1002,izq
123,44,1002,izq_fuerte
119,44,1002,izq_fuerte
115,44,1001,izq_fuerte
107,45,1002,izq_fuerte
109,44,1002,izq_fuerte
108,1008,1003,izq
107,1008,1003,izq
108,1007,1002,izq
109,1008,1002,izq
108,1008,1002,izq
108,44,1001,izq_fuerte
109,44,45,parar
109,1008,44,adelante
110,1007,45,adelante
109,1008,44,adelante
110,1008,44,adelante
111,1008,45,adelante
111,1007,45,adelante
954,1007,1003,adelante
954,1008,1002,adelante
953,1008,45,der
953,1007,44,der
100,1008,45,adelante
953,1008,44,der
99,1007,44,adelante
953,1008,44,der
953,1008,44,der
953,1007,44,der
953,1008,44,der
948,1008,44,der
948,1008,44,der
948,45,44,der_fuerte
108,44,45,parar
110,44,44,parar
108,44,45,parar
104,45,44,parar
107,44,45,parar
106,45,44,parar
99,44,45,parar
97,45,44,parar
98,45,45,parar
100,45,45,parar
103,44,45,parar
107,45,44,parar
108,44,45,parar
111,45,44,parar
108,45,45,parar
107,45,45,parar
104,45,44,parar
950,45,44,der_fuerte
950,44,45,der_fuerte
952,44,44,der_fuerte
952,45,44,der_fuerte
952,45,44,der_fuerte
951,44,45,der_fuerte
116,1008,44,adelante
119,1008,44,adelante
116,1007,44,adelante
116,1007,44,adelante
120,1008,45,adelante
122,1007,44,adelante
106,1007,44,adelante
91,1007,45,adelante
94,1007,44,adelante
91,1007,45,adelante
89,1007,44,adelante
89,1007,45,adelante
85,1008,44,adelante
84,1007,44,adelante
87,1008,44,adelante
89,1008,45,adelante
87,1007,45,adelante
87,1008,44,adelante
89,1008,45,adelante
89,1008,44,adelante
90,1007,44,adelante
92,1007,44,adelante
96,1007,44,adelante
104,1007,44,adelante
95,1007,44,adelante
87,1007,44,adelante
92,1007,44,adelante
96,1007,45,adelante
98,1008,44,adelante
105,1007,44,adelante
106,1007,45,adelante
106,1008,44,adelante
103,1007,45,adelante
102,1007,44,adelante
99,1007,44,adelante
100,1007,44,adelante
98,1007,44,adelante
103,1007,44,adelante
88,1007,45,adelante
94,1007,44,adelante
90,1007,44,adelante
91,1007,45,adelante
88,1008,44,adelante
87,1008,44,adelante
91,1007,44,adelante
102,1008,45,adelante
95,1008,44,adelante
94,1007,44,adelante
94,1008,44,adelante
93,1007,44,adelante
94,1007,44,adelante
96,1007,45,adelante
94,1007,44,adelante
91,1007,44,adelante
94,1008,44,adelante
95,1007,45,adelante
96,1007,44,adelante
96,1007,45,adelante
97,1007,45,adelante
96,1008,44,adelante
97,1007,45,adelante
99,1008,44,adelante
98,1008,44,adelante
95,1007,44,adelante
95,1007,44,adelante
96,1008,44,adelante
94,1008,44,adelante
91,1007,44,adelante
92,1007,44,adelante
91,1007,44,adelante
95,1007,44,adelante
93,1007,44,adelante
89,1007,44,adelante
87,1007,44,adelante
88,1007,44,adelante
93,1008,45,adelante
88,1008,44,adelante
87,1007,45,adelante
87,1007,45,adelante
93,1007,45,adelante
93,1008,44,adelante
95,1007,44,adelante
124,1007,44,adelante
111,1008,44,adelante
105,1007,44,adelante
103,1008,44,adelante
97,1007,44,adelante
83,1007,45,adelante
82,1007,45,adelante
82,1007,45,adelante
80,1007,45,adelante
93,1007,45,adelante
88,1007,45,adelante
91,1008,44,adelante
102,1007,44,adelante
96,1007,44,adelante
95,1007,44,adelante
95,1007,44,adelante
94,1008,44,adelante
93,1007,44,adelante
94,1008,44,adelante
95,1007,44,adelante
96,1008,45,adelante
94,1008,44,adelante
96,1008,44,adelante
94,1007,44,adelante
94,1007,45,adelante
94,1008,44,adelante
92,1008,45,adelante
95,1008,44,adelante
87,1008,45,adelante
99,1007,44,adelante
96,1008,45,adelante
97,1007,44,adelante
99,1007,45,adelante
102,1007,44,adelante
109,1008,44,adelante
108,1007,44,adelante
108,1007,44,adelante
108,1007,44,adelante
109,1007,45,adelante
108,1007,44,adelante
104,1007,44,adelante
102,1007,44,adelante
102,141,45,parar
84,44,45,parar
85,44,44,parar
92,44,44,parar
91,45,44,parar
87,44,44,parar
83,45,44,parar
93,45,44,parar
94,44,44,parar
89,44,45,parar
88,44,44,parar
82,45,1002,izq_fuerte
96,45,1002,izq_fuerte
91,45,1002,izq_fuerte
91,45,1002,izq_fuerte
90,44,1002,izq_fuerte
94,45,1002,izq_fuerte
93,44,1002,izq_fuerte
89,44,1002,izq_fuerte
88,44,44,parar
87,44,1001,izq_fuerte
85,44,1002,izq_fuerte
84,44,1001,izq_fuerte
84,44,1002,izq_fuerte
84,44,1002,izq_fuerte
84,44,1002,izq_fuerte
83,44,1002,izq_fuerte
83,44,1001,izq_fuerte
83,44,1001,izq_fuerte
83,44,1002,izq_fuerte
83,45,45,parar
83,44,44,parar
83,44,44,parar
86,44,44,parar
86,44,44,parar
85,44,44,parar
85,44,44,parar
84,45,44,parar
90,44,44,parar
92,44,44,parar
94,44,44,parar
94,44,44,parar
100,44,44,parar
107,44,44,parar
107,44,44,parar
108,44,44,parar
99,44,44,parar
97,44,1001,izq_fuerte
106,44,44,parar
104,44,44,parar
106,44,44,parar
103,44,44,parar
102,44,44,parar
101,44,44,parar
100,44,44,parar
101,44,44,parar
99,44,44,parar
100,44,44,parar
100,44,44,parar
101,44,44,parar
103,44,44,parar
103,44,44,parar
104,44,44,parar
104,44,44,parar
99,44,44,parar
99,44,44,parar
100,44,44,parar
97,44,44,parar
86,44,44,parar
124,44,44,parar
125,44,44,parar
128,44,44,parar
123,44,44,parar
117,44,44,parar
103,44,45,parar
105,1008,44,adelante
87,1007,43,adelante
94,1007,44,adelante
98,1007,44,adelante
98,1007,43,adelante
96,1008,44,adelante
88,1007,44,adelante
87,1008,44,adelante
88,1007,44,adelante
101,1007,44,adelante
144,1008,44,adelante
135,1008,44,adelante
136,1007,44,adelante
137,1007,44,adelante
132,1008,44,adelante
132,1008,44,adelante
126,1008,44,adelante
106,1008,44,adelante
132,1008,44,adelante
88,1007,44,adelante
88,1007,44,adelante
88,1007,44,adelante
99,1008,44,adelante
102,1007,44,adelante
102,1008,44,adelante
81,1008,44,adelante
81,1008,44,adelante
82,1007,44,adelante
75,1008,44,adelante
74,1007,45,adelante
74,1007,45,adelante
83,1008,44,adelante
83,1007,45,adelante
82,1007,44,adelante
77,1007,44,adelante
75,1008,44,adelante
93,1008,44,adelante
84,1007,44,adelante
52,1007,44,adelante
77,1007,44,adelante
77,1007,44,adelante
67,1008,44,adelante
44,1007,44,adelante
43,1008,44,adelante
43,1007,44,adelante
45,1007,44,adelante
48,1007,44,adelante
82,1007,44,adelante
98,1007,44,adelante
960,44,44,der_fuerte
960,44,44,der_fuerte
960,45,44,der_fuerte
960,44,44,der_fuerte
961,44,44,der_fuerte
961,44,44,der_fuerte
961,44,44,der_fuerte
961,44,44,der_fuerte
963,44,44,der_fuerte
964,44,44,der_fuerte
965,44,44,der_fuerte
965,44,44,der_fuerte
966,44,44,der_fuerte
966,44,44,der_fuerte
965,44,44,der_fuerte
965,44,44,der_fuerte
966,44,44,der_fuerte
966,44,44,der_fuerte
966,44,44,der_fuerte
966,44,44,der_fuerte
103,45,44,parar
102,1007,44,adelante
104,1007,44,adelante
102,1007,44,adelante
97,1007,44,adelante
97,1007,44,adelante
101,1007,44,adelante
101,1007,44,adelante
102,1007,44,adelante
102,1007,44,adelante
102,1008,44,adelante
102,1007,44,adelante
102,1008,44,adelante
102,1007,44,adelante
102,1007,44,adelante
102,1007,44,adelante
102,1007,44,adelante
102,1007,44,adelante
102,1007,44,adelante
102,1008,44,adelante
102,1007,44,adelante
102,1007,44,adelante
101,1008,44,adelante
101,1007,44,adelante
101,1008,44,adelante
101,1007,44,adelante
100,1008,44,adelante
100,1007,44,adelante
100,1008,44,adelante
100,1007,44,adelante
100,1007,44,adelante
100,1008,44,adelante
99,1008,44,adelante
98,1007,44,adelante
100,1007,44,adelante
96,1007,44,adelante
99,1007,44,adelante
101,1008,44,adelante
966,1008,43,der
966,1008,44,der
967,1008,44,der
965,44,44,der_fuerte
966,44,44,der_fuerte
967,1008,44,der
966,1008,44,der
966,1008,44,der
967,44,43,der_fuerte
967,44,44,der_fuerte
967,1008,44,der
967,1008,43,der
966,1008,44,der
96,1007,44,adelante
99,1007,44,adelante
86,1007,45,adelante
84,1007,44,adelante
83,1008,44,adelante
82,999,43,adelante
81,1001,44,adelante
84,1003,44,adelante
84,1002,44,adelante
83,999,44,adelante
71,1007,44,adelante
76,1006,46,adelante
75,1007,48,adelante
72,1007,44,adelante
71,1008,44,adelante
70,1008,44,adelante
69,1008,45,adelante
70,1007,44,adelante
69,1007,44,adelante
70,1008,44,adelante
70,1007,44,adelante
66,1007,44,adelante
64,1007,44,adelante
63,1007,44,adelante
62,1008,44,adelante
62,1007,44,adelante
61,1007,44,adelante
61,1007,44,adelante
61,1007,44,adelante
61,1007,44,adelante
61,1008,44,adelante
61,1007,44,adelante
61,1007,44,adelante
60,1007,44,adelante
61,1008,44,adelante
60,1007,44,adelante
60,1007,44,adelante
60,1007,44,adelante
63,45,44,parar
959,44,44,der_fuerte
960,44,44,der_fuerte
960,44,44,der_fuerte
959,44,44,der_fuerte
959,45,44,der_fuerte
960,44,44,der_fuerte
960,44,44,der_fuerte
63,44,44,parar
63,44,44,parar
63,1008,44,adelante
63,1007,44,adelante
63,1007,44,adelante
65,1007,47,adelante
64,1006,45,adelante
66,1007,45,adelante
67,1007,45,adelante
67,1007,45,adelante
66,1007,45,adelante
66,1006,45,adelante
66,1006,45,adelante
66,1007,44,adelante
66,1006,44,adelante
66,1006,44,adelante
66,1007,45,adelante
66,1007,45,adelante
66,1007,45,adelante
66,1006,44,adelante
66,1004,45,adelante
65,1008,45,adelante
65,1008,45,adelante
71,1008,45,adelante
65,1008,44,adelante
65,1008,45,adelante
65,1008,45,adelante
71,1008,45,adelante
71,1008,44,adelante
70,1008,45,adelante
71,1008,44,adelante
71,1008,45,adelante
70,1008,44,adelante
71,1008,45,adelante
70,1008,45,adelante
70,1008,45,adelante
71,1008,45,adelante
71,1008,45,adelante
70,1008,45,adelante
71,1008,45,adelante
70,1008,44,adelante
70,1008,45,adelante
70,1008,45,adelante
71,1008,45,adelante
70,1008,44,adelante
70,1008,45,adelante
70,1008,45,adelante
70,1008,45,adelante
71,1008,45,adelante
71,1008,1003,izq
71,45,1002,izq_fuerte
71,45,1002,izq_fuerte
71,45,1002,izq_fuerte
71,45,1002,izq_fuerte
71,44,1002,izq_fuerte
70,45,1003,izq_fuerte
71,44,1002,izq_fuerte
70,45,1003,izq_fuerte
70,45,1003,izq_fuerte
70,44,45,parar
71,45,1003,izq_fuerte
71,44,1002,izq_fuerte
70,45,44,parar
71,45,45,parar
71,45,45,parar
70,45,45,parar
71,44,1002,izq_fuerte
70,45,1002,izq_fuerte
71,44,1002,izq_fuerte
71,45,1002,izq_fuerte
71,45,1002,izq_fuerte
71,45,1003,izq_fuerte
70,1008,1003,izq
70,1008,45,adelante
70,1008,44,adelante
70,1008,45,adelante
70,1008,45,adelante
70,1008,45,adelante
70,1008,44,adelante
70,1008,45,adelante
70,1008,45,adelante
70,1008,45,adelante
70,1008,45,adelante
70,1008,45,adelante
70,1008,44,adelante
958,1008,44,der
958,1009,44,der
958,1008,44,der
958,1009,44,der
958,1009,44,der
958,1008,44,der
958,1009,44,der
959,1008,44,der
959,1008,44,der
958,1008,45,der
958,1008,45,der
958,1008,45,der
959,1009,44,der
958,1008,45,der
958,1008,44,der
959,1008,44,der
958,1009,45,der
958,1008,44,der
958,1008,45,der
958,1008,44,der
959,1008,45,der
959,1008,44,der
959,1009,44,der
958,1008,45,der
958,1008,45,der
958,1009,45,der
958,1008,45,der
959,1008,44,der
958,1008,45,der
958,1008,45,der
958,1008,45,der
958,1008,45,der
959,1009,45,der
959,1008,44,der
958,1008,44,der
958,1008,45,der
73,1008,44,adelante
958,1008,45,der
958,1008,45,der
958,1008,45,der
958,1008,45,der
958,1008,45,der
958,1008,44,der
958,1008,45,der
958,1008,45,der
958,1008,45,der
958,1008,45,der
958,1009,45,der
958,1008,44,der
958,1008,44,der
958,1008,44,der
958,1008,44,der
958,1008,44,der
958,1008,44,der
958,1008,44,der
958,1008,44,der
958,1008,44,der
958,1009,44,der
958,1008,44,der
958,1009,44,der
958,1009,44,der
958,1008,44,der
958,1009,43,der
958,1009,44,der
958,1008,44,der
958,1008,44,der
958,1009,44,der
958,1008,44,der
958,1008,44,der
958,1008,45,der
959,1009,45,der
958,1009,44,der
958,1008,45,der
958,1008,44,der
958,1008,45,der
958,1008,45,der
959,1008,44,der
958,1008,44,der
958,1008,45,der
958,1008,45,der
958,1008,45,der
958,1008,44,der
958,1008,45,der
958,1008,45,der
958,1008,45,der
958,1008,45,der
958,1008,45,der
958,1008,44,der
958,1008,44,der
958,1008,45,der
958,1008,44,der
958,1008,45,der
958,1008,45,der
958,1008,44,der
958,1008,45,der
958,1009,45,der
958,1008,45,der
958,1008,45,der
958,1008,45,der
62,1008,45,adelante
62,1008,44,adelante
59,1008,45,adelante
60,1008,44,adelante
60,1008,44,adelante
60,1008,44,adelante
60,1008,44,adelante
59,1008,44,adelante
60,1008,44,adelante
60,1008,44,adelante
60,1008,45,adelante
60,1008,45,adelante
60,1008,44,adelante
60,1007,45,adelante
60,1008,44,adelante
60,1007,45,adelante
60,1008,45,adelante
60,1008,45,adelante
60,1008,45,adelante
61,1008,45,adelante
62,1008,45,adelante
62,1008,45,adelante
62,1007,45,adelante
61,1008,45,adelante
62,1008,45,adelante
63,1008,45,adelante
78,45,45,parar
76,45,45,parar
76,45,1002,izq_fuerte
75,45,1002,izq_fuerte
66,44,1002,izq_fuerte
62,45,1002,izq_fuerte
60,45,45,parar
60,45,45,parar
60,45,45,parar
60,45,45,parar
59,1007,45,adelante
60,1008,45,adelante
60,1007,45,adelante
60,1008,45,adelante
59,1008,45,adelante
59,1008,45,adelante
59,1008,45,adelante
59,1008,45,adelante
59,1008,45,adelante
58,1008,44,adelante
59,1008,45,adelante
59,1007,44,adelante
59,1008,45,adelante
58,1008,44,adelante
61,1008,44,adelante
61,1008,44,adelante
59,1008,44,adelante
59,1008,44,adelante
59,1008,45,adelante
59,1008,45,adelante
61,1007,44,adelante
61,1008,45,adelante
58,1006,45,adelante
58,1006,45,adelante
58,1006,45,adelante
58,1007,45,adelante
58,1006,44,adelante
58,1007,45,adelante
59,1007,45,adelante
59,1008,45,adelante
60,1008,45,adelante
60,1007,45,adelante
60,1008,45,adelante
60,1008,45,adelante
60,1008,44,adelante
61,1007,44,adelante
60,1007,45,adelante
60,1007,44,adelante
60,1008,44,adelante
60,1008,43,adelante
61,1007,44,adelante
61,1007,44,adelante
61,45,45,parar
65,1008,45,adelante
64,1008,45,adelante
64,154,45,parar
63,45,45,parar
65,1008,45,adelante
64,1008,45,adelante
64,1007,45,adelante
66,1008,45,adelante
66,1008,44,adelante
67,1008,45,adelante
67,1007,45,adelante
64,1007,45,adelante
63,1008,45,adelante
61,1007,45,adelante
62,1007,44,adelante
62,1008,44,adelante
62,1007,44,adelante
62,1008,44,adelante
63,1007,44,adelante
63,1008,44,adelante
62,1007,45,adelante
62,1008,44,adelante
62,1008,45,adelante
63,1007,45,adelante
62,1008,45,adelante
62,1007,45,adelante
62,1007,45,adelante
62,1007,45,adelante
62,1007,45,adelante
63,1008,45,adelante
62,1008,45,adelante
61,1008,45,adelante
62,1008,45,adelante
63,1007,45,adelante
64,1008,45,adelante
64,1008,44,adelante
64,1007,45,adelante
63,1007,44,adelante
63,1006,45,adelante
62,1007,44,adelante
62,1007,43,adelante
63,1007,43,adelante
62,1007,44,adelante
63,1007,44,adelante
63,1007,44,adelante
63,1008,44,adelante
62,1007,44,adelante
62,1007,45,adelante
62,1008,45,adelante
61,1007,45,adelante
61,1006,44,adelante
61,1006,45,adelante
61,1007,45,adelante
62,1006,45,adelante
62,1007,45,adelante
62,1007,45,adelante
62,1007,45,adelante
62,1007,44,adelante
62,1007,45,adelante
61,1007,45,adelante
63,1007,45,adelante
64,1007,45,adelante
73,1007,45,adelante
71,1007,45,adelante
70,1007,45,adelante
70,1007,43,adelante
72,1007,43,adelante
74,1007,44,adelante
74,1007,44,adelante
74,1007,44,adelante
75,1007,44,adelante
74,1007,44,adelante
74,1007,45,adelante
73,1006,45,adelante
71,1007,45,adelante
76,45,45,parar
76,45,1002,izq_fuerte
76,45,1001,izq_fuerte
75,45,1001,izq_fuerte
74,45,1001,izq_fuerte
70,45,1001,izq_fuerte
71,45,998,izq_fuerte
71,45,998,izq_fuerte
69,1006,44,adelante
66,1003,44,adelante
66,1001,45,adelante
66,1003,44,adelante
66,1006,45,adelante
66,1005,45,adelante
66,1006,45,adelante
71,1007,45,adelante
74,1006,45,adelante
72,1007,45,adelante
72,1005,45,adelante
71,1005,45,adelante
72,1006,44,adelante
73,1007,44,adelante
72,1006,45,adelante
75,45,45,parar
74,45,45,parar
954,45,45,der_fuerte
955,45,45,der_fuerte
73,45,44,parar
73,45,45,parar
73,1007,45,adelante
73,1008,45,adelante
72,1007,45,adelante
71,1008,44,adelante
72,1008,45,adelante
73,1007,44,adelante
74,1005,45,adelante
74,1008,44,adelante
74,1007,45,adelante
73,1007,45,adelante
73,1008,45,adelante
73,1007,45,adelante
73,1007,45,adelante
73,1008,45,adelante
73,1008,45,adelante
73,1008,45,adelante
72,1007,45,adelante
73,1007,45,adelante
72,1006,44,adelante
72,1007,45,adelante
72,1004,44,adelante
72,1005,45,adelante
954,1006,44,der
953,1006,44,der
953,1006,44,der
954,45,44,der_fuerte
954,44,44,der_fuerte
954,45,45,der_fuerte
955,45,45,der_fuerte
955,1008,45,der
954,1008,44,der
71,1007,44,adelante
73,1008,45,adelante
71,1008,45,adelante
955,1008,44,der
955,45,44,der_fuerte
955,45,44,der_fuerte
955,45,44,der_fuerte
955,1008,45,der
73,1007,45,adelante
73,1007,44,adelante
71,1008,45,adelante
69,1007,44,adelante
68,1008,45,adelante
68,1007,44,adelante
69,1007,45,adelante
69,1007,44,adelante
69,1008,45,adelante
68,1007,45,adelante
69,1007,45,adelante
69,1007,45,adelante
69,1007,45,adelante
69,1008,45,adelante
69,1008,44,adelante
70,1008,45,adelante
71,1008,44,adelante
73,1008,45,adelante
73,1007,45,adelante
74,1008,45,adelante
78,1008,44,adelante
79,1008,44,adelante
79,1008,45,adelante
79,1007,44,adelante
76,1007,44,adelante
75,1007,45,adelante
79,1007,44,adelante
79,1007,45,adelante
79,1008,45,adelante
78,1008,45,adelante
78,1008,45,adelante
78,1008,45,adelante
77,1008,44,adelante
77,1008,44,adelante
76,1008,44,adelante
76,1008,45,adelante
76,45,44,parar
955,45,44,der_fuerte
955,45,44,der_fuerte
68,1008,45,adelante
67,45,45,parar
67,1007,44,adelante
66,1007,45,adelante
66,1008,45,adelante
66,1008,45,adelante
66,1008,45,adelante
66,1008,45,adelante
66,1008,45,adelante
115,1008,44,adelante
102,1008,45,adelante
101,1008,44,adelante
89,1008,44,adelante
137,1008,45,adelante
101,1008,45,adelante
57,1008,44,adelante
65,1007,45,adelante
62,1007,44,adelante
63,1008,45,adelante
56,1008,45,adelante
61,1007,45,adelante
67,1008,45,adelante
64,1008,44,adelante
60,1007,44,adelante
56,1008,45,adelante
54,1008,45,adelante
55,1008,45,adelante
53,1008,45,adelante
52,1008,45,adelante
49,1008,45,adelante
49,1008,45,adelante
49,1008,45,adelante
50,1008,44,adelante
52,1008,44,adelante
55,1008,45,adelante
54,1008,45,adelante
56,1008,45,adelante
52,1008,45,adelante
51,1008,45,adelante
55,1008,44,adelante
56,1008,45,adelante
55,1008,44,adelante
53,1009,1002,izq
55,1008,1002,izq
54,1008,1002,izq
54,1008,1002,izq
54,1008,1003,izq
53,1008,1002,izq
53,1008,45,adelante
52,1008,44,adelante
53,1008,45,adelante
52,1007,45,adelante
53,1008,45,adelante
52,1008,45,adelante
52,1008,45,adelante
53,1008,45,adelante
49,1008,45,adelante
120,1008,44,adelante
127,45,44,parar
121,1008,45,adelante
83,1008,44,adelante
73,1008,44,adelante
76,1008,45,adelante
89,1008,44,adelante
84,1008,45,adelante
966,45,45,der_fuerte
965,45,45,der_fuerte
966,45,45,der_fuerte
974,1008,44,der
974,45,45,der_fuerte
973,45,45,der_fuerte
974,1008,44,der
974,1008,44,der
974,45,45,der_fuerte
973,45,45,der_fuerte
974,1008,44,der
974,1008,44,der
974,1008,44,der
974,1008,45,der
974,1008,44,der
973,1008,44,der
974,1008,44,der
974,1008,44,der
88,1008,44,adelante
87,1008,45,adelante
88,1008,45,adelante
86,1008,44,adelante
87,1008,44,adelante
86,1008,44,adelante
85,1008,44,adelante
84,1008,44,adelante
84,1008,44,adelante
84,1008,44,adelante
83,1008,44,adelante
83,1008,44,adelante
85,1008,45,adelante
85,1008,44,adelante
86,1008,44,adelante
86,1008,44,adelante
86,1008,44,adelante
86,1008,45,adelante
87,1008,45,adelante
86,1008,44,adelante
87,1008,44,adelante
86,1007,45,adelante
85,1008,45,adelante
84,1008,45,adelante
84,1008,44,adelante
84,1008,45,adelante
84,1008,44,adelante
84,1008,45,adelante
83,1008,44,adelante
83,1008,45,adelante
83,1008,44,adelante
83,1008,44,adelante
83,1008,44,adelante
83,1008,44,adelante
84,1008,44,adelante
85,1008,44,adelante
87,1008,44,adelante
86,1008,44,adelante
87,1008,44,adelante
86,1008,44,adelante
88,1008,45,adelante
86,1008,45,adelante
86,1008,45,adelante
86,1008,45,adelante
86,1008,44,adelante
86,1008,44,adelante
86,1008,44,adelante
85,1008,44,adelante
84,1008,44,adelante
84,1008,45,adelante
84,1008,44,adelante
84,1008,45,adelante
84,1008,44,adelante
82,1008,44,adelante
83,1008,45,adelante
83,1008,44,adelante
83,1008,44,adelante
84,1008,44,adelante
84,1008,1001,izq
84,1008,1001,izq
85,45,1001,izq_fuerte
83,45,1001,izq_fuerte
85,45,1001,izq_fuerte
90,45,1002,izq_fuerte
89,1008,44,adelante
94,1008,44,adelante
973,1009,44,der
974,1008,44,der
974,1008,44,der
974,1008,44,der
973,45,44,der_fuerte
973,45,45,der_fuerte
973,45,45,der_fuerte
973,45,44,der_fuerte
972,45,44,der_fuerte
973,45,45,der_fuerte
972,45,44,der_fuerte
973,45,44,der_fuerte
973,45,44,der_fuerte
973,45,44,der_fuerte
973,45,44,der_fuerte
973,46,44,der_fuerte
973,45,44,der_fuerte
973,45,45,der_fuerte
973,45,44,der_fuerte
973,45,44,der_fuerte
973,45,45,der_fuerte
973,45,44,der_fuerte
973,45,44,der_fuerte
973,45,44,der_fuerte
973,45,44,der_fuerte
973,45,44,der_fuerte
974,45,44,der_fuerte
973,45,44,der_fuerte
973,45,45,der_fuerte
973,45,44,der_fuerte
973,45,44,der_fuerte
973,45,44,der_fuerte
973,45,44,der_fuerte
974,45,44,der_fuerte
974,45,44,der_fuerte
973,45,44,der_fuerte
974,45,44,der_fuerte
973,45,44,der_fuerte
973,45,44,der_fuerte
973,45,44,der_fuerte
973,45,44,der_fuerte
973,45,44,der_fuerte
973,45,45,der_fuerte
973,46,44,der_fuerte
973,45,44,der_fuerte
973,45,45,der_fuerte
973,45,44,der_fuerte
973,45,45,der_fuerte
974,45,44,der_fuerte
973,45,44,der_fuerte
973,45,45,der_fuerte
973,45,45,der_fuerte
974,45,44,der_fuerte
974,45,44,der_fuerte
974,1008,44,der
973,1008,44,der
103,1008,44,adelante
102,1008,45,adelante
96,1008,44,adelante
96,1008,45,adelante
96,1009,44,adelante
96,1008,44,adelante
99,1008,45,adelante
100,1008,45,adelante
101,1008,44,adelante
103,1008,45,adelante
95,1008,44,adelante
97,1008,44,adelante
98,1008,44,adelante
98,1008,44,adelante
97,1008,44,adelante
97,1008,44,adelante
97,1008,44,adelante
102,1007,44,adelante
103,1005,44,adelante
99,999,44,adelante
93,997,44,adelante
93,1005,44,adelante
88,1004,44,adelante
101,1003,44,adelante
91,1002,44,adelante
93,45,44,parar
100,45,1001,izq_fuerte
97,45,998,izq_fuerte
100,45,996,izq_fuerte
103,45,996,izq_fuerte
101,45,998,izq_fuerte
106,45,44,parar
95,45,44,parar
78,45,45,parar
80,1007,44,adelante
83,1007,44,adelante
86,1007,44,adelante
87,1008,44,adelante
91,1008,45,adelante
92,1007,44,adelante
96,1007,44,adelante
98,45,44,parar
97,45,44,parar
101,45,44,parar
101,45,45,parar
101,45,1001,izq_fuerte
100,45,997,izq_fuerte
100,45,1000,izq_fuerte
96,45,998,izq_fuerte
93,45,999,izq_fuerte
92,45,999,izq_fuerte
104,45,999,izq_fuerte
105,45,1000,izq_fuerte
106,45,44,parar
98,1007,44,adelante
97,1007,44,adelante
98,1006,44,adelante
100,1007,45,adelante
101,1007,44,adelante
102,1007,44,adelante
102,1006,44,adelante
101,1007,44,adelante
102,1007,44,adelante
104,1007,44,adelante
103,1007,44,adelante
100,1007,44,adelante
98,45,44,parar
101,45,45,parar
100,45,45,parar
99,45,44,parar
95,45,45,parar
90,1007,44,adelante
90,1007,44,adelante
94,1008,45,adelante
96,1008,44,adelante
97,1008,45,adelante
94,1008,45,adelante
93,1008,45,adelante
94,1008,45,adelante
94,1007,44,adelante
94,1008,44,adelante
95,1008,44,adelante
97,1008,45,adelante
96,1008,44,adelante
98,1007,44,adelante
98,1008,45,adelante
99,1007,44,adelante
105,1008,44,adelante
107,1008,44,adelante
105,1008,44,adelante
105,1008,44,adelante
105,1008,44,adelante
106,1008,44,adelante
105,1008,44,adelante
106,1008,44,adelante
106,1008,44,adelante
106,1008,45,adelante
105,1008,44,adelante
106,1008,45,adelante
106,1008,44,adelante
108,1008,44,adelante
107,1008,45,adelante
105,1008,45,adelante
102,1008,45,adelante
102,1008,44,adelante
103,1008,45,adelante
104,1008,44,adelante
104,1008,45,adelante
105,1008,44,adelante
106,1008,44,adelante
105,1008,44,adelante
106,1008,44,adelante
116,1008,44,adelante
122,104,1008,izq_fuerte
104,1008,44,adelante
104,1008,44,adelante
104,1009,44,adelante
104,1008,44,adelante
104,1008,44,adelante
104,1009,44,adelante
104,1008,44,adelante
104,1008,44,adelante
104,1009,44,adelante
104,1008,44,adelante
104,1008,44,adelante
104,1008,44,adelante
104,1008,44,adelante
104,1009,44,adelante
104,1008,44,adelante
104,1008,44,adelante
104,1008,44,adelante
104,1009,45,adelante
104,1009,44,adelante
104,1008,44,adelante
104,1008,44,adelante
104,1008,44,adelante
104,1008,44,adelante
105,1008,45,adelante
104,1008,44,adelante
104,1008,44,adelante
104,1009,44,adelante
104,1008,44,adelante
105,1008,44,adelante
105,45,44,parar
106,45,45,parar
106,45,44,parar
106,45,45,parar
106,45,1001,izq_fuerte
105,45,1002,izq_fuerte
105,45,1002,izq_fuerte
106,45,1001,izq_fuerte
107,45,1002,izq_fuerte
105,45,44,parar
105,1009,44,adelante
105,1008,44,adelante
105,1009,44,adelante
104,1009,44,adelante
104,1008,44,adelante
104,1008,44,adelante
104,1008,44,adelante
104,1008,44,adelante
104,1008,44,adelante
104,1008,44,adelante
104,1008,44,adelante
104,1008,44,adelante
104,1008,44,adelante
104,1008,44,adelante
104,1009,44,adelante
104,1008,44,adelante
104,1008,44,adelante
104,1009,44,adelante
104,1008,44,adelante
104,1008,44,adelante
104,1008,45,adelante
104,1009,44,adelante
104,45,44,parar
104,45,1001,izq_fuerte
104,45,45,parar
104,1008,44,adelante
104,1008,44,adelante
104,1008,44,adelante
104,1009,44,adelante
104,1009,44,adelante
104,1008,44,adelante
104,1008,44,adelante
104,1008,45,adelante
103,1009,44,adelante
103,1009,44,adelante
104,1009,44,adelante
104,1008,44,adelante
104,46,45,parar
103,45,44,parar
104,45,1001,izq_fuerte
103,45,1001,izq_fuerte
103,45,1001,izq_fuerte
103,45,44,parar
104,45,1001,izq_fuerte
103,45,1001,izq_fuerte
103,46,1001,izq_fuerte
103,45,1001,izq_fuerte
103,45,1001,izq_fuerte
103,45,1001,izq_fuerte
103,45,1002,izq_fuerte
103,45,1001,izq_fuerte
103,45,44,parar
104,45,1001,izq_fuerte
103,45,1002,izq_fuerte
103,45,1002,izq_fuerte
103,45,44,parar
102,45,44,parar
103,45,1001,izq_fuerte
103,45,44,parar
103,45,44,parar
103,45,44,parar
103,45,44,parar
103,45,45,parar
103,45,44,parar
103,45,45,parar
103,45,45,parar
103,45,44,parar
103,45,45,parar
103,45,1002,izq_fuerte
103,45,44,parar
103,45,44,parar
103,45,44,parar
103,46,44,parar
103,45,45,parar
103,45,44,parar
103,45,44,parar
103,45,1001,izq_fuerte
102,45,1002,izq_fuerte
102,45,44,parar
102,45,1001,izq_fuerte
103,45,45,parar
102,45,1001,izq_fuerte
103,45,1002,izq_fuerte
103,45,45,parar
102,45,44,parar
102,45,1001,izq_fuerte
102,45,1001,izq_fuerte
101,45,1002,izq_fuerte
101,45,44,parar
102,45,1001,izq_fuerte
102,45,1001,izq_fuerte
102,1008,44,adelante
101,1008,44,adelante
102,1008,44,adelante
101,1009,44,adelante
100,1008,44,adelante
101,45,44,parar
101,46,44,parar
102,45,44,parar
102,45,45,parar
103,45,1001,izq_fuerte
102,45,44,parar
103,45,1001,izq_fuerte
102,45,1001,izq_fuerte
102,45,45,parar
101,1009,44,adelante
101,1008,44,adelante
102,1008,44,adelante
102,1008,45,adelante
102,1008,44,adelante
101,1009,44,adelante
101,1008,44,adelante
101,1008,45,adelante
101,1008,44,adelante
101,1008,44,adelante
101,1008,44,adelante
101,1008,45,adelante
100,1008,44,adelante
101,45,44,parar
100,45,44,parar
100,45,44,parar
102,46,1001,izq_fuerte
100,45,1002,izq_fuerte
100,45,44,parar
100,45,1001,izq_fuerte
100,45,1001,izq_fuerte
100,45,1002,izq_fuerte
100,45,1001,izq_fuerte
100,45,1002,izq_fuerte
100,45,1001,izq_fuerte
100,45,1001,izq_fuerte
100,45,1002,izq_fuerte
99,45,1002,izq_fuerte
99,45,45,parar
100,45,45,parar
100,45,1001,izq_fuerte
100,45,1001,izq_fuerte
100,45,1001,izq_fuerte
100,45,45,parar
99,45,44,parar
99,45,45,parar
100,45,45,parar
99,45,1002,izq_fuerte
99,45,1001,izq_fuerte
100,45,44,parar
99,1008,44,adelante
99,1009,45,adelante
99,1008,44,adelante
99,1008,44,adelante
99,1008,44,adelante
99,1008,44,adelante
98,1008,44,adelante
99,45,44,parar
975,45,44,der_fuerte
975,45,44,der_fuerte
975,45,44,der_fuerte
99,1008,44,adelante
99,1008,45,adelante
99,1008,44,adelante
99,1008,45,adelante
98,1008,44,adelante
99,1008,44,adelante
98,1008,44,adelante
99,45,44,parar
99,45,45,parar
99,45,44,parar
99,1008,45,adelante
98,1009,44,adelante
98,1008,44,adelante
98,1008,44,adelante
98,45,45,parar
975,45,44,der_fuerte
975,45,44,der_fuerte
98,1008,44,adelante
98,1009,44,adelante
98,1008,44,adelante
975,45,44,der_fuerte
975,45,44,der_fuerte
98,1009,45,adelante
98,1008,44,adelante
98,1008,44,adelante
98,1009,45,adelante
98,1008,44,adelante
98,1008,44,adelante
97,1008,45,adelante
97,1008,44,adelante
98,1008,44,adelante
98,1008,44,adelante
98,1008,44,adelante
975,45,44,der_fuerte
975,45,44,der_fuerte
975,45,44,der_fuerte
976,45,44,der_fuerte
976,1009,44,der
975,1009,44,der
975,45,44,der_fuerte
975,45,44,der_fuerte
975,45,44,der_fuerte
975,45,45,der_fuerte
975,45,44,der_fuerte
975,45,44,der_fuerte
975,45,44,der_fuerte
974,45,44,der_fuerte
974,45,45,der_fuerte
975,45,45,der_fuerte
974,45,45,der_fuerte
974,45,44,der_fuerte
974,45,45,der_fuerte
975,45,45,der_fuerte
974,45,45,der_fuerte
974,45,44,der_fuerte
974,45,45,der_fuerte
975,45,45,der_fuerte
974,45,44,der_fuerte
974,45,45,der_fuerte
974,46,44,der_fuerte
975,45,45,der_fuerte
975,45,44,der_fuerte
975,45,45,der_fuerte
974,45,45,der_fuerte
974,45,45,der_fuerte
974,45,45,der_fuerte
975,1009,44,der
104,1008,43,adelante
105,1008,44,adelante
106,1008,44,adelante
104,1008,44,adelante
103,1008,44,adelante
102,1008,44,adelante
101,1008,44,adelante
101,1008,44,adelante
101,1008,44,adelante
101,1008,44,adelante
101,1009,45,adelante
101,1008,44,adelante
100,1008,44,adelante
100,1008,44,adelante
100,1008,45,adelante
99,1008,44,adelante
98,1008,44,adelante
99,1008,45,adelante
99,1008,44,adelante
99,1008,45,adelante
99,1008,45,adelante
100,45,45,parar
99,1008,45,adelante
99,1008,44,adelante
99,1008,45,adelante
99,1008,44,adelante
99,1008,44,adelante
99,1008,44,adelante
99,1008,45,adelante
98,1008,44,adelante
97,1008,45,adelante
97,46,45,parar
97,1008,45,adelante
97,1008,45,adelante
97,1008,45,adelante
97,1008,44,adelante
97,1008,45,adelante
97,1008,44,adelante
97,1008,45,adelante
97,1008,45,adelante
97,1008,45,adelante
98,1008,45,adelante
100,1008,45,adelante
100,1008,45,adelante
100,1008,44,adelante
98,46,45,parar
102,46,45,parar
102,45,45,parar
102,1008,45,adelante
104,1008,44,adelante
104,1008,44,adelante
103,1008,44,adelante
102,1008,44,adelante
102,1008,44,adelante
102,1008,45,adelante
101,1008,45,adelante
102,1008,45,adelante
102,1008,45,adelante
102,1008,44,adelante
101,1008,45,adelante
101,1008,45,adelante
101,1008,45,adelante
101,1008,44,adelante
100,1008,44,adelante
99,1008,45,adelante
99,1008,44,adelante
100,1008,44,adelante
99,1009,44,adelante
99,1007,44,adelante
100,1008,44,adelante
102,1008,44,adelante
102,1008,44,adelante
103,1008,44,adelante
102,1008,44,adelante
102,1008,44,adelante
103,1008,45,adelante
103,1008,45,adelante
102,1008,44,adelante
103,1008,45,adelante
104,1008,45,adelante
104,1008,45,adelante
104,1008,45,adelante
104,1008,45,adelante
106,1008,45,adelante
105,1008,45,adelante
103,1008,45,adelante
102,1008,44,adelante
99,1008,45,adelante
97,1008,45,adelante
98,1008,45,adelante
98,1008,44,adelante
101,1008,44,adelante
104,1008,45,adelante
105,1008,44,adelante
104,1008,44,adelante
103,1008,45,adelante
103,1008,45,adelante
102,1008,45,adelante
103,1008,44,adelante
107,1008,45,adelante
106,1008,45,adelante
103,1008,44,adelante
102,1008,45,adelante
101,1008,45,adelante
103,1008,44,adelante
102,1008,44,adelante
101,1009,45,adelante
100,1008,44,adelante
101,1008,44,adelante
100,1008,44,adelante
100,1008,44,adelante
100,1008,44,adelante
101,1008,44,adelante
100,1008,44,adelante
103,1008,44,adelante
102,1008,44,adelante
101,1008,44,adelante
100,1008,44,adelante
103,1008,44,adelante
104,1008,44,adelante
102,1008,44,adelante
102,1008,44,adelante
102,1008,44,adelante
102,1008,44,adelante
102,1008,45,adelante
102,1008,45,adelante
103,1008,44,adelante
102,1008,45,adelante
102,1008,44,adelante
102,1008,44,adelante
101,1008,44,adelante
101,1008,45,adelante
101,1008,44,adelante
101,1008,44,adelante
101,1008,45,adelante
101,1008,45,adelante
101,1008,44,adelante
100,1008,44,adelante
100,1008,44,adelante
99,1008,45,adelante
100,1008,44,adelante
100,1008,44,adelante
100,1008,44,adelante
100,1008,44,adelante
100,1008,44,adelante
100,1008,44,adelante
100,1008,44,adelante
100,1008,44,adelante
100,1008,44,adelante
100,1008,44,adelante
100,1008,45,adelante
100,1008,45,adelante
100,1008,44,adelante
100,1008,44,adelante
100,1008,44,adelante
101,1008,45,adelante
102,1008,44,adelante
103,1008,45,adelante
103,1008,44,adelante
103,1008,44,adelante
103,1008,44,adelante
103,1008,44,adelante
103,1008,44,adelante
103,1008,44,adelante
102,1008,44,adelante
103,1008,45,adelante
102,1008,44,adelante
100,1008,44,adelante
100,1008,44,adelante
100,1008,44,adelante
102,1008,45,adelante
103,1008,45,adelante
103,1008,44,adelante
102,1008,45,adelante
101,1008,44,adelante
101,1008,44,adelante
101,1008,44,adelante
100,1008,44,adelante
100,1008,44,adelante
101,1009,45,adelante
101,1008,44,adelante
100,1008,45,adelante
100,1008,44,adelante
100,1008,44,adelante
100,1008,44,adelante
100,1008,44,adelante
100,1007,44,adelante
100,1008,44,adelante
99,1008,44,adelante
99,1008,44,adelante
99,1008,44,adelante
100,1008,44,adelante
100,1008,45,adelante
99,1008,45,adelante
99,1008,44,adelante
99,1008,44,adelante
99,1008,44,adelante
99,1008,45,adelante
98,1008,44,adelante
97,1008,45,adelante
98,1008,43,adelante
98,1008,44,adelante
97,1008,44,adelante
98,1008,44,adelante
98,1008,44,adelante
98,1008,44,adelante
98,1008,44,adelante
98,1008,44,adelante
98,1008,44,adelante
99,1008,44,adelante
99,1008,44,adelante
99,1008,45,adelante
98,1008,45,adelante
98,1008,44,adelante
98,1008,45,adelante
98,1008,44,adelante
98,1008,45,adelante
98,1008,44,adelante
98,1008,44,adelante
98,1008,45,adelante
98,1008,44,adelante
98,1008,44,adelante
98,1008,44,adelante
97,1008,44,adelante
97,1008,45,adelante
97,1008,44,adelante
97,1008,44,adelante
97,1008,1008,izq
107,1008,44,adelante
107,1008,44,adelante
105,1008,45,adelante
107,1008,44,adelante
107,1008,44,adelante
109,1008,45,adelante
109,1008,44,adelante
109,46,45,parar
109,45,1001,izq_fuerte
110,45,45,parar
109,45,45,parar
109,45,1002,izq_fuerte
109,45,1001,izq_fuerte
109,45,1001,izq_fuerte
108,45,1001,izq_fuerte
108,45,1002,izq_fuerte
108,45,1002,izq_fuerte
108,45,1001,izq_fuerte
108,45,1001,izq_fuerte
108,45,45,parar
107,46,44,parar
107,45,44,parar
107,46,45,parar
107,45,44,parar
107,45,45,parar
107,45,45,parar
106,45,45,parar
106,46,45,parar
105,45,45,parar
106,45,45,parar
106,45,45,parar
107,45,45,parar
106,46,45,parar
107,45,1001,izq_fuerte
107,45,44,parar
108,45,45,parar
108,46,44,parar
108,46,45,parar
108,45,45,parar
108,45,45,parar
109,45,1001,izq_fuerte
108,45,1002,izq_fuerte
107,45,1001,izq_fuerte
105,45,44,parar
104,45,44,parar
103,45,45,parar
103,1008,45,adelante
103,1008,44,adelante
103,1009,44,adelante
103,1007,44,adelante
103,1008,44,adelante
103,1008,45,adelante
103,1008,45,adelante
104,1008,45,adelante
104,1008,45,adelante
105,1007,45,adelante
107,1008,45,adelante
106,1008,45,adelante
106,1008,45,adelante
106,1008,45,adelante
106,1008,45,adelante
105,1008,45,adelante
104,1008,45,adelante
104,1008,44,adelante
102,1008,45,adelante
100,1008,45,adelante
99,1008,45,adelante
101,1008,44,adelante
102,1008,44,adelante
103,1008,44,adelante
103,1008,44,adelante
106,1008,45,adelante
107,1008,45,adelante
109,1008,44,adelante
108,1008,45,adelante
108,1008,44,adelante
108,1008,44,adelante
108,1008,44,adelante
108,1008,45,adelante
108,1008,45,adelante
106,1008,45,adelante
106,1008,44,adelante
106,1008,45,adelante
107,1008,45,adelante
106,1008,44,adelante
106,45,45,parar
106,45,44,parar
105,45,45,parar
104,46,45,parar
107,46,45,parar
106,45,45,parar
106,46,44,parar
106,46,45,parar
106,45,45,parar
106,46,45,parar
106,45,45,parar
106,46,44,parar
106,46,45,parar
106,45,45,parar
106,45,45,parar
106,45,45,parar
106,45,45,parar
106,46,45,parar
105,45,45,parar
105,1008,45,adelante
106,1008,44,adelante
106,1008,44,adelante
106,1008,45,adelante
105,1008,45,adelante
108,1008,45,adelante
975,1009,45,der
975,1008,45,der
975,1008,45,der
111,1008,45,adelante
111,1008,45,adelante
110,1008,45,adelante
110,1008,45,adelante
111,1008,45,adelante
111,1008,45,adelante
111,1008,45,adelante
110,1008,45,adelante
108,1008,45,adelante
107,1008,45,adelante
106,1008,45,adelante
105,1008,45,adelante
105,1007,45,adelante
109,1008,45,adelante
108,1008,44,adelante
109,1008,44,adelante
103,1008,43,adelante
101,1008,44,adelante
103,1008,44,adelante
103,1008,44,adelante
104,1008,44,adelante
104,1008,44,adelante
103,1008,44,adelante
101,1008,44,adelante
100,1008,44,adelante
101,1008,44,adelante
99,1008,45,adelante
974,45,44,der_fuerte
974,46,45,der_fuerte
974,45,45,der_fuerte
92,46,45,parar
89,46,45,parar
88,45,45,parar
88,46,45,parar
88,46,45,parar
974,45,45,der_fuerte
973,46,45,der_fuerte
973,46,45,der_fuerte
973,46,45,der_fuerte
973,46,45,der_fuerte
88,46,45,parar
88,1007,45,adelante
88,1008,45,adelante
88,1008,45,adelante
87,1008,45,adelante
87,1008,45,adelante
84,1008,45,adelante
83,1008,45,adelante
84,1008,45,adelante
84,1008,45,adelante
84,1008,45,adelante
84,1007,45,adelante
84,1008,45,adelante
84,1008,45,adelante
87,1008,45,adelante
87,1008,45,adelante
88,1008,45,adelante
89,1008,45,adelante
89,1008,44,adelante
90,1008,45,adelante
90,1008,45,adelante
90,1008,44,adelante
90,1008,45,adelante
90,1008,44,adelante
91,1008,45,adelante
91,1008,45,adelante
91,1008,45,adelante
92,1008,45,adelante
92,1008,44,adelante
93,45,45,parar
91,46,45,parar
89,45,45,parar
90,46,45,parar
91,1008,45,adelante
91,46,45,parar
90,46,45,parar
973,46,45,der_fuerte
974,46,45,der_fuerte
974,45,44,der_fuerte
974,46,45,der_fuerte
973,46,45,der_fuerte
974,46,45,der_fuerte
974,46,45,der_fuerte
974,45,45,der_fuerte
974,46,45,der_fuerte
973,45,45,der_fuerte
974,46,45,der_fuerte
974,46,45,der_fuerte
974,45,45,der_fuerte
974,45,45,der_fuerte
973,46,45,der_fuerte
974,45,45,der_fuerte
974,45,45,der_fuerte
974,46,45,der_fuerte
974,45,45,der_fuerte
974,45,45,der_fuerte
974,46,45,der_fuerte
974,45,45,der_fuerte
974,46,44,der_fuerte
974,45,45,der_fuerte
974,45,45,der_fuerte
974,46,44,der_fuerte
974,46,45,der_fuerte
974,46,45,der_fuerte
95,46,45,parar
99,46,45,parar
102,46,45,parar
100,46,45,parar
102,46,45,parar
100,46,45,parar
99,46,45,parar
98,46,44,parar
98,46,45,parar
98,45,45,parar
98,45,45,parar
98,46,45,parar
97,45,45,parar
97,45,44,parar
97,46,45,parar
97,45,44,parar
974,46,44,der_fuerte
974,45,44,der_fuerte
975,46,44,der_fuerte
974,46,44,der_fuerte
974,45,45,der_fuerte
974,46,44,der_fuerte
974,46,45,der_fuerte
975,45,45,der_fuerte
974,45,44,der_fuerte
974,45,45,der_fuerte
975,45,45,der_fuerte
974,45,44,der_fuerte
975,46,44,der_fuerte
975,46,44,der_fuerte
974,45,44,der_fuerte
974,1009,44,der
975,1008,44,der
974,45,45,der_fuerte
974,46,45,der_fuerte
974,45,44,der_fuerte
975,1008,44,der
88,1008,45,adelante
88,1008,45,adelante
88,1008,45,adelante
88,88,1008,izq_fuerte
88,1008,45,adelante
88,1008,45,adelante
88,1008,45,adelante
88,1008,45,adelante
87,1008,45,adelante
88,1008,45,adelante
87,1008,44,adelante
87,1008,44,adelante
87,1008,45,adelante
87,1008,44,adelante
87,1008,45,adelante
87,1009,45,adelante
86,1008,44,adelante
972,45,45,der_fuerte
972,46,45,der_fuerte
972,45,44,der_fuerte
972,46,44,der_fuerte
972,46,44,der_fuerte
87,1008,44,adelante
87,1008,44,adelante
84,1008,45,adelante
87,1008,45,adelante
87,1008,45,adelante
87,1008,45,adelante
86,1007,44,adelante
88,1008,45,adelante
88,1008,45,adelante
90,1008,45,adelante
91,1009,45,adelante
91,1008,45,adelante
91,1008,45,adelante
91,1008,44,adelante
109,1008,45,adelante
119,1008,45,adelante
115,1008,44,adelante
118,1008,44,adelante
123,1008,45,adelante
125,1008,45,adelante
117,1008,45,adelante
112,1008,45,adelante
112,1008,45,adelante
123,1008,44,adelante
126,1008,45,adelante
111,1008,45,adelante
113,1008,44,adelante
110,1008,45,adelante
109,1008,45,adelante
108,1008,44,adelante
109,1008,44,adelante
119,1008,44,adelante
121,1008,44,adelante
112,46,45,parar
973,45,44,der_fuerte
108,46,45,parar
107,1008,44,adelante
105,1008,45,adelante
104,1008,44,adelante
104,1008,45,adelante
103,45,44,parar
118,46,45,parar
113,45,45,parar
107,1008,44,adelante
108,1009,44,adelante
108,1008,45,adelante
121,1008,44,adelante
106,1008,44,adelante
113,45,45,parar
115,46,44,parar
114,45,44,parar
111,1008,44,adelante
110,1008,45,adelante
110,1008,45,adelante
113,1008,45,adelante
113,1008,44,adelante
112,1008,44,adelante
112,1008,44,adelante
123,1008,45,adelante
118,1008,45,adelante
114,1008,45,adelante
118,1009,44,adelante
108,1008,44,adelante
112,1008,44,adelante
130,45,44,parar
116,1008,45,adelante
101,1008,45,adelante
109,1008,45,adelante
105,1008,45,adelante
103,1008,44,adelante
121,1008,44,adelante
117,1008,45,adelante
120,1008,45,adelante
115,1008,44,adelante
117,1008,44,adelante
118,1008,45,adelante
119,1008,44,adelante
120,1008,45,adelante
123,1008,44,adelante
122,1008,44,adelante
122,1008,45,adelante
117,1008,45,adelante
125,1008,44,adelante
130,1008,45,adelante
128,1008,44,adelante
123,1008,44,adelante
120,1008,44,adelante
116,45,44,parar
114,45,45,parar
113,1008,44,adelante
112,1008,44,adelante
110,1008,44,adelante
110,1008,44,adelante
109,1008,45,adelante
109,1008,44,adelante
108,1008,44,adelante
107,1007,44,adelante
107,1008,45,adelante
107,1008,45,adelante
106,1008,44,adelante
106,1008,44,adelante
106,1008,44,adelante
106,1007,44,adelante
106,1008,44,adelante
106,1008,45,adelante
105,1008,44,adelante
105,1008,44,adelante
105,1008,45,adelante
105,1008,45,adelante
104,1008,45,adelante
104,1008,45,adelante
104,1008,44,adelante
104,1008,44,adelante
104,1008,44,adelante
104,1008,45,adelante
104,1008,45,adelante
104,1008,45,adelante
105,1007,44,adelante
105,1008,44,adelante
104,1008,44,adelante
104,45,44,parar
104,46,45,parar
105,1008,45,adelante
105,1008,44,adelante
117,1008,44,adelante
110,1008,44,adelante
126,1008,44,adelante
119,1008,44,adelante
114,1008,44,adelante
116,1008,44,adelante
127,1009,44,adelante
125,1008,44,adelante
125,1008,44,adelante
127,1008,44,adelante
132,1008,44,adelante
130,1008,44,adelante
131,1008,44,adelante
132,1008,44,adelante
128,1008,44,adelante
132,1008,44,adelante
134,1008,44,adelante
134,45,44,parar
974,46,44,der_fuerte
974,45,44,der_fuerte
122,45,45,parar
135,1008,44,adelante
129,1009,44,adelante
133,1008,44,adelante
143,1009,44,adelante
134,1008,44,adelante
975,45,44,der_fuerte
975,45,45,der_fuerte
975,45,44,der_fuerte
975,45,44,der_fuerte
975,45,44,der_fuerte
975,46,44,der_fuerte
975,45,45,der_fuerte
975,45,44,der_fuerte
975,45,44,der_fuerte
139,1008,44,adelante
131,1008,44,adelante
147,1008,44,adelante
136,46,44,parar
975,45,44,der_fuerte
974,45,44,der_fuerte
130,45,44,parar
129,1009,45,adelante
131,1009,44,adelante
130,1008,44,adelante
130,1008,44,adelante
128,1008,45,adelante
127,45,45,parar
974,46,44,der_fuerte
974,45,44,der_fuerte
974,45,44,der_fuerte
127,1008,44,adelante
127,1008,44,adelante
126,1008,44,adelante
125,1008,44,adelante
126,1008,45,adelante
127,1008,45,adelante
129,1008,44,adelante
123,1008,44,adelante
125,1008,44,adelante
975,45,44,der_fuerte
974,46,44,der_fuerte
974,45,44,der_fuerte
974,45,45,der_fuerte
974,45,44,der_fuerte
975,46,45,der_fuerte
975,45,44,der_fuerte
975,45,44,der_fuerte
975,46,44,der_fuerte
975,45,44,der_fuerte
974,45,44,der_fuerte
975,45,45,der_fuerte
975,45,44,der_fuerte
975,45,44,der_fuerte
975,45,44,der_fuerte
975,45,44,der_fuerte
974,45,44,der_fuerte
975,45,44,der_fuerte
974,45,44,der_fuerte
975,46,44,der_fuerte
127,1008,45,adelante
125,1009,44,adelante
974,45,44,der_fuerte
974,46,44,der_fuerte
975,45,44,der_fuerte
974,45,45,der_fuerte
975,45,44,der_fuerte
974,45,44,der_fuerte
127,45,44,parar
126,1008,44,adelante
123,1009,44,adelante
121,1008,45,adelante
121,1008,45,adelante
120,1008,44,adelante
122,46,44,parar
974,45,44,der_fuerte
975,45,44,der_fuerte
121,45,45,parar
119,1008,44,adelante
118,1008,44,adelante
118,1008,45,adelante
117,1008,44,adelante
116,45,44,parar
974,47,46,der_fuerte
973,47,46,der_fuerte
974,47,46,der_fuerte
973,47,46,der_fuerte
974,47,46,der_fuerte
973,47,46,der_fuerte
972,47,46,der_fuerte
972,47,47,der_fuerte
972,47,46,der_fuerte
972,47,46,der_fuerte
972,48,46,der_fuerte
974,47,46,der_fuerte
974,48,47,der_fuerte
973,1008,46,der
973,1009,46,der
124,1008,46,adelante
135,47,46,parar
140,48,47,parar
125,1008,46,adelante
129,1008,46,adelante
127,1008,46,adelante
131,1009,46,adelante
126,1008,46,adelante
125,1008,46,adelante
125,1008,47,adelante
125,1008,46,adelante
106,1008,47,adelante
86,1008,47,adelante
123,1008,47,adelante
149,1008,47,adelante
144,1008,47,adelante
147,1008,46,adelante
135,1008,46,adelante
133,1008,46,adelante
130,1008,47,adelante
128,1008,46,adelante
128,1009,46,adelante
124,1008,46,adelante
133,1008,47,adelante
123,1008,47,adelante
120,1008,47,adelante
161,1009,46,adelante
149,1008,46,adelante
123,1008,47,adelante
107,1008,47,adelante
64,1007,46,adelante
51,1008,47,adelante
52,1008,47,adelante
52,1008,47,adelante
52,1008,47,adelante
52,1008,47,adelante
52,1008,47,adelante
52,1008,47,adelante
52,1008,47,adelante
52,1008,47,adelante
52,1008,47,adelante
52,1008,47,adelante
52,1008,47,adelante
52,1008,47,adelante
55,1007,47,adelante
55,1008,48,adelante
55,1007,48,adelante
57,1008,47,adelante
58,1008,47,adelante
59,1008,47,adelante
59,1008,47,adelante
65,1008,47,adelante
65,1008,47,adelante
62,1008,47,adelante
62,1008,47,adelante
60,1008,47,adelante
60,1008,47,adelante
61,1008,47,adelante
63,1008,46,adelante
65,1008,46,adelante
65,1008,46,adelante
65,1008,46,adelante
66,1008,46,adelante
64,1008,47,adelante
62,1008,48,adelante
60,1008,47,adelante
132,1008,47,adelante
134,1008,47,adelante
118,1008,47,adelante
76,1008,47,adelante
91,1008,47,adelante
85,1008,47,adelante
85,1008,47,adelante
87,1008,47,adelante
87,1008,47,adelante
94,1008,47,adelante
96,1008,47,adelante
95,1008,47,adelante
101,1008,47,adelante
96,1009,47,adelante
96,1008,46,adelante
96,1008,47,adelante
93,1008,47,adelante
92,1008,47,adelante
91,1008,47,adelante
91,1008,47,adelante
91,1008,46,adelante
91,1007,47,adelante
98,1008,46,adelante
101,1008,47,adelante
100,1008,47,adelante
100,1008,47,adelante
99,1008,47,adelante
97,1008,47,adelante
95,1009,47,adelante
95,1008,47,adelante
105,1008,47,adelante
105,1008,47,adelante
109,1008,46,adelante
107,1008,46,adelante
101,1008,47,adelante
104,1008,47,adelante
107,1008,47,adelante
106,1009,47,adelante
104,1008,47,adelante
104,1008,47,adelante
103,1008,47,adelante
102,1008,47,adelante
94,1008,47,adelante
94,1008,47,adelante
93,1008,47,adelante
92,1008,47,adelante
92,1009,47,adelante
92,1008,47,adelante
91,1008,47,adelante
91,1008,47,adelante
91,1008,47,adelante
91,1008,47,adelante
91,1008,47,adelante
91,1008,47,adelante
90,1008,47,adelante
90,1008,46,adelante
90,1009,47,adelante
90,1008,46,adelante
90,1008,47,adelante
90,1007,47,adelante
91,1008,47,adelante
91,1008,47,adelante
91,1008,47,adelante
90,1008,47,adelante
90,1008,47,adelante
90,1008,47,adelante
90,1008,47,adelante
90,1008,47,adelante
89,1008,47,adelante
92,1008,47,adelante
91,1008,47,adelante
90,1008,47,adelante
91,1008,47,adelante
91,1008,47,adelante
90,1008,47,adelante
90,1008,47,adelante
90,1008,47,adelante
972,1009,46,der
971,1009,46,der
90,1008,46,adelante
972,1008,46,der
972,1008,47,der
972,1008,46,der
972,1008,46,der
972,1008,47,der
972,47,47,der_fuerte
972,47,47,der_fuerte
972,1009,46,der
973,1008,47,der
972,48,47,der_fuerte
973,48,47,der_fuerte
973,47,47,der_fuerte
973,1009,47,der
972,1008,47,der
973,47,47,der_fuerte
973,48,47,der_fuerte
973,47,46,der_fuerte
973,1008,47,der
973,1008,47,der
973,48,46,der_fuerte
973,47,47,der_fuerte
975,48,46,der_fuerte
975,47,46,der_fuerte
975,48,47,der_fuerte
975,47,47,der_fuerte
975,1009,46,der
975,1009,46,der
974,1009,46,der
974,1009,46,der
974,1009,46,der
973,1008,46,der
973,1009,47,der
972,48,47,der_fuerte
972,45,44,der_fuerte
972,45,44,der_fuerte
972,45,44,der_fuerte
972,45,44,der_fuerte
972,45,44,der_fuerte
972,45,45,der_fuerte
972,45,44,der_fuerte
972,45,45,der_fuerte
972,45,44,der_fuerte
972,45,44,der_fuerte
972,45,44,der_fuerte
973,46,44,der_fuerte
972,45,44,der_fuerte
972,45,44,der_fuerte
971,45,45,der_fuerte
972,45,44,der_fuerte
972,46,45,der_fuerte
972,46,45,der_fuerte
972,46,45,der_fuerte
972,46,45,der_fuerte
970,45,44,der_fuerte
972,46,45,der_fuerte
970,45,45,der_fuerte
970,46,44,der_fuerte
970,45,44,der_fuerte
971,45,44,der_fuerte
971,1009,44,der
971,1008,43,der
971,1008,44,der
971,1008,45,der
971,1008,43,der
972,1009,43,der
971,1008,45,der
113,1008,45,adelante
138,1008,45,adelante
139,1008,44,adelante
110,1008,45,adelante
105,1008,45,adelante
111,1008,44,adelante
141,1008,44,adelante
106,1008,44,adelante
113,1008,44,adelante
108,1008,45,adelante
114,1008,44,adelante
118,1008,44,adelante
119,1008,44,adelante
120,1008,44,adelante
117,1008,44,adelante
110,1008,44,adelante
113,1008,45,adelante
111,1008,45,adelante
126,1008,44,adelante
